district,2014_01_01,2014_02_01,2014_03_01,2014_04_01,2014_05_01,2014_06_01,2014_07_01,2014_08_01,2014_09_01,2014_10_01,2014_11_01,2014_12_01,2015_01_01,2015_02_01,2015_03_01,2015_04_01,2015_05_01,2015_06_01,2015_07_01,2015_08_01,2015_09_01,2015_10_01,2015_11_01,2015_12_01,2016_01_01,2016_02_01,2016_03_01,2016_04_01,2016_05_01,2016_06_01,2016_07_01,2016_08_01,2016_09_01,2016_10_01,2016_11_01,2016_12_01,2017_01_01,2017_02_01,2017_03_01,2017_04_01,2017_05_01,2017_06_01,2017_07_01,2017_08_01,2017_09_01,2017_10_01,2017_11_01,2017_12_01,2018_01_01,2018_02_01,2018_03_01,2018_04_01,2018_05_01,2018_06_01,2018_07_01,2018_08_01,2018_09_01,2018_10_01,2018_11_01,2018_12_01,2019_01_01,2019_02_01,2019_03_01,2019_04_01,2019_05_01,2019_06_01,2019_07_01,2019_08_01,2019_09_01,2019_10_01,2019_11_01,2019_12_01,2020_01_01,2020_02_01,2020_03_01,2020_04_01,2020_05_01,2020_06_01,2020_07_01,2020_08_01,2020_09_01,2020_10_01,2020_11_01,2020_12_01,2021_01_01,2021_02_01,2021_03_01,2021_04_01,2021_05_01,2021_06_01,2021_07_01,2021_08_01,2021_09_01,2021_10_01,2021_11_01,2021_12_01,2022_01_01,2022_02_01,2022_03_01,2022_04_01,2022_05_01,2022_06_01,2022_07_01,2022_08_01,2022_09_01,2022_10_01,2022_11_01,2022_12_01,2023_01_01,2023_02_01,2023_03_01,2023_04_01,2023_05_01,2023_06_01,2023_07_01,2023_08_01,2023_09_01,2023_10_01,2023_11_01,2023_12_01
KACHCHH,1872.806511232604,1854.3137073124858,1872.8477313553974,1874.5487951097432,1911.5689254475467,1895.5546795932273,1902.248384262311,1874.5169497820104,1874.0220626813143,1855.286507474176,1875.6329882874475,1876.244381787403,1865.6483987589568,1854.4415267522338,1874.1858246897907,1881.1990535946488,1909.4083968855525,1891.6307527426166,1901.379819738855,1870.241010695836,1874.2983759426756,1857.2150006724457,1875.7511578160695,1876.5904640343547,1869.750519496194,1854.3003649702666,1875.4080364336241,1873.2838246171034,1911.0753877614231,1893.427189637934,1917.4015558403312,1867.7979833805268,1874.518709771662,1860.6484872287122,1875.618699852346,1875.9601387708979,1866.414732371285,1854.8826349054655,1873.1202760031113,1884.9603166383674,1913.82142063071,1890.7929517441987,1891.6131103619582,1871.3269452744744,1873.8985697633282,1865.1504532436436,1875.4907153376603,1875.615522894829,1860.3377235176335,1857.3541560312294,1873.7257074810614,1869.9759632266291,1908.9064436947695,1890.0814926354765,1896.7891853407891,1888.9500210416104,1869.3093389495443,1868.349153018111,1875.3529466191376,1875.5049597982986,1872.9074469292334,1852.3834351321877,1873.2364969908292,1886.6397156494738,1913.0049782350843,1894.5818898653504,1904.9028602034598,1883.5211975872583,1869.2877904609247,1853.2898289022678,1876.8077345414522,1877.4813466454025,1870.2129313480584,1854.4114063063473,1865.320252261827,1874.4733483546956,1908.0298985560846,1893.741088026203,1911.4447512946488,1892.0461325711467,1874.7948429886626,1864.560703456458,1875.7509424308605,1875.9903249721733,1865.142727048272,1854.4419452923507,1876.2068084541665,1876.8406678128392,1916.1890504166988,1890.497867710258,1900.8904974452475,1868.1981919485115,1873.887849744706,1858.0095824829884,1875.7661852135702,1876.5163104999092,1869.8465816756163,1853.544828723191,1872.371179606726,1886.3677832965752,1911.1683473818694,1895.2273730880167,1918.5166889796653,1879.8620219846257,1874.752245044845,1861.6203982963586,1875.5800769525833,1876.1992900605635,1866.8195795565873,1855.2281962096822,1874.1382211051493,1871.567074949889,1913.054395586217,1891.3217982792562,1894.153068291298,1870.3278318324346,1870.649084514617,1864.576853986799,1875.2702084112937,1876.5807594867144
BANAS KANTHA,1857.4666145071435,1855.511590291898,1875.2856071800675,1875.477950388984,1906.683562694627,1899.99518998968,1896.0099804467534,1867.4530579090142,1876.0751279021358,1850.9718068592204,1877.8770317581682,1879.269596901274,1853.065294167822,1850.8774351912334,1874.5655549736273,1881.8262679260602,1915.786867016627,1895.0201624493577,1897.6127462282032,1870.3950165687181,1874.0539057964902,1853.2325799712887,1875.8441664427103,1875.579585524681,1875.2017127221982,1852.026934935187,1863.1939701377926,1874.0905442493151,1913.3840306116674,1893.3569938145024,1921.8884161785338,1885.6052662947197,1875.8925153601426,1854.6964952319277,1876.0687601625773,1875.6626925953024,1876.4992389722693,1852.4449985817698,1870.6541170894382,1892.3165449529165,1908.0309543991964,1895.722099926961,1898.6552671970558,1870.6271972651182,1875.0507693668424,1856.192656876318,1876.0092695738472,1875.6966437457,1875.6286321849218,1852.3947107775211,1874.2124938853888,1875.202806945735,1908.444232779106,1898.3587763964217,1894.627513223661,1868.0384428662194,1872.3765550772034,1862.4118433579827,1875.9436165725213,1875.8791797898355,1868.0772477456503,1854.644904038439,1862.9988175471326,1883.7991366862727,1908.0624590254874,1897.205702937804,1925.267891432012,1865.9383249212558,1865.0545502727439,1872.4855303015704,1875.744105496192,1877.4496946631004,1858.7943248186102,1854.9847444514241,1874.33205463591,1875.1088658252897,1903.9500084441947,1896.3769281741602,1926.7881153241544,1906.0250979917832,1875.910303587783,1875.7932180604014,,1879.5710329026454,1853.24887826867,1851.2660050793172,1874.9971164217034,1875.6551917633547,1916.5661553222092,1894.522563562836,1895.4410036655336,1871.2221243267584,1875.0432604792713,1852.7865836931828,1876.3273879464962,1879.1748481539119,1880.0472288362796,1851.960790648736,1873.945901559565,1885.447896545268,1911.070762269783,1894.197913429997,1912.5516876728673,1874.756966185352,1875.620705820586,1855.5496085063062,1875.989196662486,1874.8806297232488,1879.1345869499205,1851.9654059198506,1873.8735075409177,1872.0817620951402,1902.8144724556223,1893.8784227876515,1889.5921742727824,1871.2858069934653,1875.0731478656483,1857.0626938776704,1875.9197996414093,1874.9177047111757
SURENDRANAGAR,1851.0075460563392,1862.5943484867798,1875.287144448963,1875.6387702253928,1906.0528233543528,1893.7712468608124,1888.849078984348,1866.9250859707065,1876.2316432546222,1851.5912046276262,1880.0847982322662,1876.270089659797,1850.3909410099957,1851.563678515253,1875.5323778711743,1874.4220521571294,1906.632141806762,1886.599716294393,1887.0454828157315,1865.9630549465924,1876.8994573686741,1850.6423156472179,1876.4676217385004,1876.5113860596675,1876.0995695947424,1854.3687941421856,1877.7614947036523,1875.7990982155638,1908.1742337512503,1884.0111317027984,1911.5989512915419,1909.3187447613416,1876.9049832507594,1849.954215743984,1876.4657257978151,1876.50292159608,1868.7316731728488,1854.5417869062258,1875.3339146859,1892.2350871151193,1916.3915218478653,1894.5646185369458,1888.5202647362344,1873.082906794484,1876.7784507351082,1850.3122376303756,1876.4220199138924,1877.0009744731094,1860.694880347183,1856.6015327610019,1875.3893601179345,1871.2402080377915,1901.2586265069701,1890.5708609783612,1883.5047324426987,1924.4094578750073,1875.6943407633787,1849.9536135079347,1876.4721870869673,1876.325925038928,1850.6030823517547,1859.3929768261894,1865.3178546511742,1878.2572235250614,1898.92055394763,1896.4470583516218,1902.438061851499,1867.7545691215407,1874.3668516408654,1858.2971105775184,1876.3734156920932,1879.0166701734988,1851.3498886811387,1864.4939915613256,1875.4471305701713,1875.4038137929072,1898.9358170830913,1887.9763505251558,1910.9901238939385,1906.0403811223193,1876.299665443855,1868.936597591864,1874.5935670028912,1876.6289846592183,1850.750256230407,1851.6159057396028,1875.3564233464294,1881.569457978984,1921.4509589779054,1884.4877993074997,1889.419526298184,1866.477943695191,1867.806772350536,1850.430559432259,1876.843722667412,1881.2535268227796,1876.887702308839,1852.9659986327952,1875.0751132958253,1893.9429126272585,1908.3380808010113,1885.6006343849388,1905.2225450001283,1908.0638997694953,1877.2614495608307,1850.5015854245094,1876.4500202278148,1876.4296795618745,1869.0943157324632,1854.1544781863001,1875.7406284783408,1871.5094670880414,1899.7308214710397,1889.6286922179725,1896.5139684929898,1874.3987512078781,1877.1827591772635,1850.327996349343,1875.6195183041623,1876.3062355575207
RAJKOT,1869.0216747900051,1860.6745939671218,1874.3059811164746,1875.0934390621453,1904.0247360460467,1891.6047122419882,1887.2320926622551,1887.4380415344822,1872.3983297361838,1849.249537300412,1876.7352199044483,1875.4278152371442,1864.2474438030874,1853.1190221538434,1872.856273176992,1870.6666637166084,1897.480764240779,1883.934717214511,1887.8043030638105,1883.3546447915512,1871.0024140650833,1850.7554639408277,1875.6110755630552,1875.6254050361697,1858.156391740032,1852.7497586640811,1881.2800079478388,1887.1587935400255,1901.284661257312,1886.8751328196702,1892.2564120886314,1907.3551258578823,1873.6467581237498,1851.2566354377645,1875.6322215495652,1875.6449122207287,1850.451673671747,1855.424926514148,1878.19048653889,1884.5483310544316,1907.2144645109088,1885.9765515528586,1896.4361736466863,1869.997012349805,1873.002438035509,1863.0745151181432,1875.6101005875637,1875.6357354308627,1851.2114659849094,1862.4865050448575,1874.5593636609594,1873.2740796833325,1896.0510254344551,1887.3400361747485,1904.305272714712,1893.534271365944,1874.1017987460932,1850.4785253285152,1875.6218360716048,1875.1762180968317,1868.681606166045,1856.4968193409588,1874.8671729520136,1887.706525769273,1890.6821016696053,1894.7127023834823,1890.5092685951975,1875.2145562923733,1871.9226734903605,1847.40035501273,1875.5003368088637,1878.6037677136035,1868.7407717852393,1858.4554647498544,1873.68536732273,1873.9484499441014,1895.5787281382952,1881.6625803296902,1894.7186705336233,1875.6144643594037,1873.66231932669,1849.7125533538122,1874.8107062681656,1875.4032835700991,1864.3460778858248,1852.4825705530077,1879.6049342820475,1885.4208140173512,1917.3395061653175,1882.2903111852318,1887.819506583657,1885.1680576241981,1873.36870907781,1850.5438218809254,1875.557159366414,1875.7238903373768,1856.9596723543782,1852.5105459017068,1874.505221688445,1888.9637262400008,1899.3848651286644,1885.1696888461715,1902.6664458369771,1906.8680117809888,1874.1272934977785,1854.7767902820542,1875.6096573646655,1875.6340915190071,1850.0382156670316,1856.072052011881,1874.3310170321836,1873.3588975611779,1896.2139820304014,1886.1729553268765,,1867.0128189561829,1873.639239009297,,1874.0395139563348,
AHMADABAD,1851.577564669387,1851.5503346005576,1876.563811195807,1873.6984422340588,1909.8551195242944,1889.9039424035916,1888.249546434945,1866.908629705389,1875.0883780705028,1857.0333085895463,1876.8819548939855,1875.7131180315641,1848.8382404373915,1851.1708556313997,1876.5915374210413,1873.8661141495174,1912.4605411003693,1890.5593747626458,1885.2170808562103,1866.103791097114,1874.1499756961314,1849.9739770797407,1875.4160698589633,1876.1464427827057,1874.3757267802837,1853.7105703127825,1875.3035381467002,1873.9531952684329,1915.6670586184825,1884.7593569050648,1902.9825043245644,1918.7753527955676,1874.367343942129,1846.501917435417,1875.3806571692583,1875.433868010423,1874.0851859325833,1853.1007467026366,1874.585945121871,1884.690790776925,1912.0700713455678,1888.631512583934,1891.0872961278938,1891.2759287803806,1875.0365713151903,1849.844074031294,1875.4362377258747,1876.9191904024024,1873.4637135425367,1852.633771438806,1874.6077823259095,1877.6162527041504,1905.654926850662,1888.1787632606345,1887.3808729439288,1924.678404463939,1873.5220021516443,1850.6943984092625,1875.382550286497,1875.005519197395,1852.4707825645214,1851.2384305146475,1872.2516670120694,1874.9921273816115,1903.5940174093237,1893.1259713934328,1904.5464582908069,1889.4404926879936,1874.253711736197,1868.9320403921236,1874.9028857409883,1878.301312246012,1849.1724658269673,1851.9083029010192,1872.2768852588374,1874.4794980724284,1904.0789259850933,1888.9660612587982,1908.7443660441193,1906.6637408996694,1876.443117423916,1874.8394042447821,,1875.2621636671493,1849.6991274221461,1851.3270710628362,1874.9082855796514,1878.112853075921,1925.8121855069799,1885.7743182587828,1887.413150996417,1869.7879774124588,1872.721849414317,1848.5440609778136,1876.0380630945933,1877.3687742887766,1877.0502457781936,1852.04048464602,1874.2031390949426,1883.0119194979845,1912.7680017334105,1883.8161378942789,1921.943126463712,1876.5971425367716,1873.3022846909457,1848.7100903643293,1875.3109092421823,1875.1169527424279,,,,,,1892.3290335180232,,1880.3305250875392,,,,
AMRELI,1851.356809721602,1875.6792440391027,1875.5695706603344,1873.4110527900918,1898.8356576139647,1890.016315775436,1891.551637510824,1869.2420205721776,1876.144613839665,1850.5374237158915,1877.6275892194694,1876.7137506011513,1851.0322160276398,1852.072534167837,1875.7438302790697,1875.8279991160412,1903.926982224934,1883.5791143013291,1877.7421731391096,1867.1980995761342,1876.195196496548,1851.0357778915518,1876.3541194057984,1876.6801665192413,1863.2741745643195,1856.8142387272,1887.700885687184,1873.0903662544395,1907.699340295207,1880.335993598701,1896.1602493158696,,1877.360448969989,1848.400676540199,1876.3580088356234,1876.2116748278654,1849.831194488042,1856.6128561041073,1881.7185555642127,1890.3567191742293,1915.364498650403,1890.4276363787262,1890.4282392029488,1894.711424464804,1877.2782283054253,1850.6900018534782,1876.3324033251467,1876.748996756158,1850.3805377496608,1861.0472187570272,1876.0549940387716,1867.6889764661976,1892.895204552807,1887.6172455183173,1904.1676325069789,1869.4234304641682,1876.4153637645534,1850.1226156624462,1876.3914379805237,1876.5756769273912,1851.40856369339,1875.0827714991333,1871.2957465233249,1885.7735779583759,1895.263093356892,1893.185820590761,1888.3164571503944,1864.7737763819814,1877.0247474339099,1849.8521876619925,1876.2849147141017,1877.436596102149,1851.8060063581977,1874.4522490177628,1875.8862594097784,1875.6940014584757,1897.8392633778155,1884.1487264996067,1891.1989790472737,1868.4793104210842,1866.6809252598698,1850.5373359019056,1885.9115894091044,1876.5328445494795,1851.6346974366734,1852.7916714059863,1875.8780141203954,1888.5966166456335,1912.097865385864,1880.869207762749,1879.4515754985098,1866.713211386854,1869.1667360074214,1851.6296092952014,1876.585943631666,1876.7038293506967,1860.988692294391,1856.580402703361,1873.282240656728,1887.4533005938513,1904.0637056805228,1883.1919311758097,1900.8273840289392,,1877.0124559762392,1849.4657046705859,1876.343802356885,1876.678891158943,1849.8580558076544,1856.8265578211758,1875.9568206756558,1871.2686084498368,1897.067494977172,1887.9562498754053,1902.3677794877813,1888.1699992004853,1873.3046346882052,1850.9165399439064,1876.2686301876724,1876.5893846555116
BHAVNAGAR,1850.6671416889865,1862.216185811344,1875.721058933029,1875.6908321101719,1909.7724335306725,1890.0348603883106,1887.4797996002158,1867.8669797140471,1873.313483926052,1860.8534459626956,1875.6170517363373,1876.6772904251202,1849.7469492104476,1850.5861351202152,1875.6086643632357,1877.0252900974815,1907.3180100544566,1886.7086148003089,1877.642159128233,1867.406014608663,1874.0125536365588,1850.5890316768034,1875.7705862522114,1876.3215701907343,1876.1316813178073,1853.8564750920978,1876.6884333915375,1869.7456639569818,1916.6125125940666,1886.2863339085582,1905.1848792648816,,1875.016941362289,1846.317463484098,1875.7226222228865,1875.8142882714594,1866.2243725661167,1853.1661863396635,1875.9664489993402,1885.5480186063742,1917.9888106085073,1887.4054427913882,1889.3977345664402,1909.574446209482,1874.0416536188227,1850.645603401482,1875.7108918152833,1875.2267954383783,1850.5307993634203,1853.3408978318193,1875.5664047111777,1872.8822783794103,1902.754498514947,1888.0012615048965,,1874.3800316005759,1874.8985547585153,1850.6886335109546,1875.7547901163132,1876.104238526295,1850.6643018910152,1859.2338491412897,1875.1749294351848,1881.8441719571335,1901.30986623295,1886.079258739549,1888.6908147587444,1894.4698846756605,1874.9203349238885,1849.0677029553585,1875.9759897478148,1873.8927312449516,1850.4409014310793,1869.0273885460256,1873.811367076248,1877.055417545617,1906.840526503903,1889.6821436864138,1894.0291858120115,1878.3243687112263,1872.5856213037878,1864.710539021676,,1876.4086143568247,1850.3478788409586,1851.1088562052837,1875.5524635505749,1883.4410435440673,1919.4371708810932,1888.9972712192061,1873.9195304725845,1870.504932406333,1873.611458936997,1849.4250298153047,1876.7825860804273,1877.7754897052976,1876.2330314412523,1853.3034664252277,1875.6472762187927,1879.8280922294289,1914.7557492708866,1883.7414201489505,1906.5985048212324,1865.6944538431392,1874.7658574890731,1849.6686748158381,1875.7502891846407,1876.2725779563236,1865.2254701796696,1851.8901977096953,1876.1784472837364,1873.7788506130205,1903.7390459519697,1888.7332325147654,,1903.1971675846057,1868.0346668460252,1850.2062733841763,1875.7234308206005,1876.244661566794
JAMNAGAR,1877.0718143227361,1855.3159354057527,1876.5812687663968,1867.5018536519476,1905.7017464350565,1888.9698538605678,1886.9946348268345,1918.1115414753929,1876.9476650342438,1849.9968497548239,1876.6154856878293,1876.5874439070117,1862.705657709187,1856.9822245485275,1870.7910664818087,1867.59584773463,1901.0237405924101,1890.3270625316743,1888.6707353069498,1878.750969594886,1875.3094925473267,1850.0648924028874,1876.617476717779,1876.9019649582272,1850.0764156019761,1857.2590302830467,1876.450661588611,1878.799570726691,1903.8064383556402,1890.132026191667,1891.8945052795104,1873.1617845371015,1876.02600884172,1850.4069616751096,1876.631905166703,1876.6468188770154,1850.671916941531,1864.8872098217337,1876.3927008896792,1876.6598693160804,1892.9381589521986,1886.5152874623905,1891.3410122808539,1870.6316679081085,1876.989508256062,1862.2093340848926,1876.617590264109,1876.570705478103,1850.172646909708,1875.9374248019242,1876.592524069773,1871.5396010410798,1899.2488193474444,1881.613247888729,1909.4424243824335,1884.071073312104,1877.5216952963071,1850.7134242312295,1876.6393602304504,1875.8716625232335,1876.6503555668266,1850.9904665259305,1876.4248553833536,1882.4896538887342,1893.6790836755138,1890.4153301340277,1885.3319570614015,1927.103069659676,1869.4272141903657,1848.5920734234846,1877.3389279445255,1879.2147815395872,1871.564196056986,1853.665167413492,1860.3051408110503,1869.6225014895836,1902.2682098746182,1893.511171708493,1889.1589615544374,1917.8232311852935,1877.1294626099027,1850.1233728525879,1876.6355254875218,1876.621089611057,1862.210278080075,1856.5914891444272,1886.2642696101132,1872.9239744407894,1922.2108041356519,1889.9839030917485,1888.6139516711992,1883.2822788614044,1877.6719848303376,1850.3263457565006,1876.5782732569826,1876.3999762350409,1850.6410155262574,1857.0645024353923,1876.5822458828059,1878.542583940413,1898.0985961594993,1890.019745579747,1894.8772645552672,1892.8420680653483,1877.0005138368779,1852.150535136081,1876.6269454695948,1876.521408710182,1850.0383916017986,1865.8059887855684,1876.3743211881695,1876.9801189394198,1901.5032226036037,1889.4138116726901,1900.4071604090302,1869.53867642966,1868.5510581561339,1863.481225421295,1876.1886012828893,1877.7745321908167
PATAN,1854.05096399956,1856.7817335618302,1875.3997655524806,1875.1316370755528,1910.3777639377856,1900.7272554113795,1893.0462903775901,1867.5591896239696,1876.883903984051,1850.2216516517144,1879.8632124198134,1877.9435221385131,1853.072565466554,1851.7296151111054,1874.9200946682558,1878.9290231116086,1917.3448304495894,1889.8772552912133,1893.4503047216456,1868.7147646259684,1875.47977847315,1852.6456752089875,1876.3536358721785,1876.243180847746,1875.8377219784622,1852.6031081989843,1875.5075764723058,1876.9574130364101,1914.14179986024,1888.2495359060013,1914.2298029498256,1874.2636965858646,1876.6196432548156,1853.4297060513366,1876.3853590504966,1876.1874541087234,1876.4515833596665,1851.007776635312,1874.7367343357362,1894.815285959304,1917.184160542117,1896.3513000214402,1893.2039825526012,1865.4945773455931,1876.3347735095638,1852.6708429598878,1876.3661491006012,1876.4998703455499,1871.1347346934808,1853.1429318050405,1875.7037681157528,1875.7995097645303,1906.6939098262599,1898.7012772671637,1886.1818549213986,1890.0311375649878,1873.8089310239209,1855.999597384862,1876.2927495203103,1876.1174931682642,1861.6965644680492,1856.4964549029926,1855.4055161857682,1884.1382444497933,1905.1753805133392,1900.9633904876464,1915.5578388673894,1866.6736252379817,1876.1132377020383,1867.3170541932766,1875.9552283994808,1879.5867009891901,1853.530246664175,1856.5899292006552,1874.8901400739776,1873.3818971855558,1905.5813765349067,1891.5115232416276,1927.7144449663456,1918.8303073185302,1876.8544400838869,1875.8913778225574,1876.1426936325781,1879.186890649962,1853.316570492848,1851.6375357868178,1875.422411652733,1878.6214055757468,1921.6447062612613,1887.9124944245214,1893.954540844791,1869.8292495949968,1861.5965815449206,1853.1107838788625,1876.96163210197,1880.2214820312604,1880.3347359531713,1852.3144299275007,1874.4815931592743,1893.1411006442588,1910.5802819331261,1890.4104203206591,1930.5070028864295,1875.4586436194338,1876.7089347155443,1853.2388398474147,1876.3861221606228,1875.7290262473769,,,1875.235889087506,1871.1009706499947,1902.3808124050502,,,,,,,
JUNAGADH,1867.7971675289116,1859.924512727297,1873.9470388901937,1874.4928452130841,1905.008749488141,1886.4615076562866,1878.9770805206795,1887.6986024460518,1873.2616056034576,1848.657176131185,1875.951472043906,1875.32633586246,1856.0124382115703,1851.893089193111,1871.5376792145498,1870.1041895343067,1903.8477194255263,1883.5921379438616,1878.1287141179466,1881.871517180308,1868.7506980340893,1850.8190389719377,1875.4586663046875,1875.5719314455819,1851.469954807682,1852.3939492472246,1885.3633295780066,1881.7128448659455,1903.4453626077568,1885.8690279881394,1887.0453402963153,,1873.2848221908723,1849.2368231892412,1875.5327474623482,1875.5505757644933,1850.3907119224048,1859.846252977874,1876.4688738079258,1884.9159525651655,1902.0530901340726,1882.7039407744064,1886.211693488033,1871.5257946264426,1872.2354522049645,1852.8979025505303,1875.533596476693,1875.6985940233244,1850.6854880300937,1872.3411780169647,1874.2112170528303,1874.2427838373376,1899.7597413723854,1877.1834914244869,1897.5226712957576,1868.3457614635297,1873.95453641785,1850.6028256944153,1875.5407595552435,1875.6007496833472,1869.0346196345558,1857.5211837144363,1874.2206554273025,1875.0668557418996,1896.7799304781206,1889.1202633947632,1886.3913263643553,1865.7787686965398,1868.434693960973,1847.4762505745732,1874.5059991727423,1878.173549216889,1864.7612966924598,1856.5119722589984,1868.2099238699614,1872.9334142936796,1903.0322766611062,1880.8076364935164,1885.3608536135969,1866.3068143231135,1869.2013912147256,1850.2476433539737,1872.3243164396183,1875.3334180851439,1854.3745544051324,1851.7749753737573,1878.067479837776,1881.9321728174698,1915.2607685509147,1881.2674433558757,1879.248327990174,1886.3843891540605,1874.113711845701,1851.29412842416,1875.2447506647359,1875.9164882545035,1851.0628221206398,1853.008017544416,1875.179493780375,1876.8850260052202,1913.6026978093107,1880.5647103498022,1885.272037154276,,1874.1603518518893,1849.6269933709966,1875.4966132613133,1875.3618504131098,1850.008347752969,1859.4311895368073,1874.2064541634463,1874.1003012693536,1900.4294955470662,1879.817348415378,1890.3644923175134,1870.2473863433627,1870.8451434960832,1854.7951026230119,1874.3746932367796,1875.4667104623159
SABAR KANTHA,1879.0443632736512,1853.5522661974228,1871.1742121100322,1874.2030284569685,1916.8703217600753,1895.1820913331976,1902.7936992167756,1866.7505691841707,1872.8116905714382,1850.04823451716,1875.7506591701645,1874.7802167528027,1856.2994201910935,1854.6623712548944,1872.4777966204845,1870.6036031197996,1906.7171075161345,1895.925179213915,1892.3133301459925,1871.756024744389,1871.379905406243,1850.0729606975103,1875.3174747090188,1875.5579023025946,1858.1989242085745,1853.6756997259904,1871.5008448709814,1867.2434477907543,1906.6873777791575,1907.0646693782994,1917.8122746046308,1917.384901422448,1872.0945904240023,1866.1137607513601,1875.9832496890062,1875.8022467553342,1857.7390525811966,1859.0689309202778,1870.296629793671,1877.3682959637413,1902.5717658029894,1891.6956789233927,1891.8734024879761,1892.5704089976662,1875.3075742894873,1854.3211960853105,1875.9472876827979,1880.7296860905485,1875.5285133656564,1854.2776811965425,1871.7013356301723,1893.7036863717744,1898.5415974141124,1896.3493138163005,1913.4744439676983,1887.77126730758,1871.6372305111843,1856.9673985924162,1876.0538188806263,1875.4208146650953,1872.9046389569805,1853.6486831091129,1870.0827376603145,1883.43973751675,1899.522712759698,1893.8482356270465,1906.5451698277923,1866.2539871003294,1872.3396599047635,1856.6834657862512,1876.593047601695,1880.8286507664814,1877.27436479341,1852.8318470819702,1869.4984814803872,1877.6985235403083,1905.6391999577238,1892.8963808690044,1912.0904892564622,1890.059148221659,1871.9993129647353,1858.1174116996322,1875.7150246708968,1875.7489619766347,1853.865032361608,1854.9965503159337,1871.9829607191757,1876.748897199126,1922.271662476516,1893.9180398380965,1891.4250071486865,1886.1781194625648,1869.525070057543,1850.0302831598913,1875.855469327225,1874.8128865070023,1858.7253656041253,1855.1415057288345,1872.2094650569024,1883.1066507814724,1904.1349782219127,1902.942835490906,1902.1907958984511,1935.2695569160458,1872.202252346938,1873.192824455536,1875.9118237573393,1877.6695122227331,1856.772269571959,1860.667691013133,1872.4966819996944,1872.430791950208,1906.1532568864695,1893.329063364864,1899.7579449557315,1873.2567772443256,1874.7318564706088,1856.3647501386406,1875.854225088805,1875.9053765537503
MORBI,1869.4723793667442,1858.6851236055059,1872.7335626080574,1870.6473867625616,1903.1635592049931,1887.3624231904341,1889.8106820858302,1879.7486121932618,1872.0353750700065,1849.0506211549407,1875.6831207966854,1875.0543802593397,1870.0573088865021,1853.4041493895968,1872.1135433038569,1870.9697809246597,1909.7833843611004,1881.9639646907494,1892.9526044127492,1879.7516403513036,1873.3207458588035,1850.869444555078,1874.9892768121292,1875.1487919196106,1871.3412320078917,1850.1985727132446,1874.1124405033718,1873.5888321512232,1910.7286529477162,1888.9584702920642,1905.8535147096964,1876.5614352096702,1872.6547338170278,1864.2901032799239,1874.9646392447137,1875.0489891203654,1852.8352712692938,1849.1527125274092,1873.7009286030418,1891.727999073639,1906.9146545944714,1885.7623307589238,1887.6117585339591,1866.1497667407693,1872.2290282302208,1868.5276329301487,1874.951479671446,1874.8877436334735,1851.0113572744617,1850.9702135480597,1873.1875873283773,1873.4211424848645,1900.7656675637572,1891.5969038109668,1881.093670004662,1923.171454012808,1873.041324724725,1850.2390078191102,1874.9962023281641,1874.6024886149016,1871.1256937234334,1852.7508023388912,1873.4096978054465,1877.0394539576032,1897.9241437926914,1889.0003574644197,1896.726421202154,1880.6653967661625,1871.7035882352798,1846.519125483218,1875.0518952752525,1875.7205772574619,1872.0038321163258,1855.5407028915304,1871.9953487668747,1871.4588474371235,1901.3342815116525,1879.1718757996803,1900.773547234348,1907.063775811723,1872.8272893477347,1849.7968528034942,1875.0238965976707,1875.6952210821491,1871.4254820867632,1853.0042612252416,1873.5948861590243,1877.8127336686666,1924.1817313476752,1877.3816279902796,1893.6866228695133,1879.8694180075486,1872.420703514071,1851.8288970571566,1875.2186518039744,1876.5199950845733,1871.0218921116075,1849.9414591220786,1873.0796143919242,1879.141614284108,1904.2488364150427,1888.5715245472938,1908.0360533418684,1899.8752967589915,1873.0448279153654,1868.2016907754917,1874.9342127297864,1875.0715065624574,1850.9639559105908,1849.2578816915698,1873.9235468319746,1873.7401620855019,1904.6480056545531,1883.1854710102289,,1865.9775967574967,1871.1621716349564,1868.647772075814,1874.3154662524184,1874.9688858797315
MAHESANA,1864.9675024466037,1851.0509169411296,1875.3120046350136,1872.5382122551675,1908.334356405191,1898.7022193409175,1899.017959138881,1866.836539647035,1875.5132801454267,1849.1845174321013,1876.692422122413,1875.3262603095895,1848.6759058554467,1849.9832743844893,1873.7308651055741,1873.1926830523373,1911.197499074409,1893.2899464728046,1889.7688575181921,1866.4746443813033,1873.0036859721638,1849.2934796877832,1875.1866700095502,1874.8969563269775,1874.881752123559,1853.9215340181408,1872.7566564062718,1870.617522277205,1917.6763174763055,1896.1574175231883,1913.859250474186,1892.754858860203,1873.4536680140059,1846.7187214397304,1875.1694232289117,1875.1748279985075,1874.0495971203695,1852.3037086209995,1872.225973663217,1891.5526751632046,1918.2448696541267,1893.2144885729322,1893.1895228840958,1895.40616089754,1873.49124486193,1851.9931521235221,1875.131701315658,1877.2530608566854,1875.2257640668859,1853.4518247756885,1873.5508532092745,1879.6431280016811,1900.0541509394936,1897.5347794523734,1899.6610520501035,1900.3083695687594,1872.586381730422,1863.6084621898508,1875.336084355106,1875.3270858512435,1869.2170465117515,1853.2640760835943,1870.6190640091609,1873.8184291838295,1901.891426673239,1902.9859125693656,1915.1092358972326,1862.122066132373,1873.2220318772252,1872.3429765018655,1875.4761105102148,1878.4370659051838,1858.3977769769874,1850.178880612541,1872.6010828788123,1872.99737196584,1910.7682133018184,1889.9121613382883,1926.0419691706998,1899.681693386679,1872.7071514516113,1875.2279562857066,1875.2168581054302,1875.4931684362157,1848.6643463783382,1850.0825889552957,1873.4888103820394,1873.4370038868215,1922.029953028814,1891.1469836160675,1891.1316209020627,1867.275818499343,1873.0241398252751,1847.6278834165523,1877.3526414048226,1876.9596136289153,1878.015954549895,1851.2940511831016,1872.3912952891676,1884.0673135517388,1910.844202056181,1892.625387499817,1931.0913721679137,1892.335867022462,1871.6646553696,1853.5058458579335,1875.1386852074122,1874.536866051356,,,,1866.921228808133,1900.1534607115505,,1894.039482777426,,,,,
BHARUCH,1856.1843542477661,1857.081764488544,1876.1880773109149,1868.7886727849725,1913.917780403393,1892.9840141226118,1886.1372885990854,1882.730147902187,1875.5466438148699,1850.4986086368037,1876.4371667555029,1876.5010788216598,1851.9583181281018,1858.95412744935,1876.5120177835445,1864.3370498612437,1904.1102207023612,1887.3719426152675,1885.5905926511941,1867.4729062518281,1876.111870739666,1850.1266266324785,1876.5368543742702,1876.6317974149943,1850.1842625709573,1873.8566238137987,1875.5560038072383,1875.1584461542745,1908.074811223727,1887.9390094297353,1917.6928258407293,1915.7712287295335,1875.776719343705,1850.0388589294869,1876.4292055634846,1876.4306794843797,1850.0999095150742,1874.4594932910286,1875.3537181040422,1875.2537402112691,1901.404163982133,1887.2068324917177,1893.956997491538,1921.8538219073253,1875.2456144761447,1853.4694183527836,1876.2079321292322,1882.1351099450897,1875.0183118094815,1853.2269040383392,1875.366480397405,1887.131096986312,1904.909991493128,1892.007934955957,1879.6493437211407,1882.4455667069137,1876.317567602591,1851.3223176257031,1876.4069471327125,1876.0766518446758,1858.0917765370302,1857.2138429058384,1875.400266720362,1871.0804083484463,1904.7005338269132,1890.5201454349021,1886.5878142376698,1906.4540911924953,1866.2614628785623,1849.4695458299059,1875.2499467537737,1876.1496927204048,1850.0965730919452,1856.9177451792789,1856.5961411092935,1872.4307519368424,1903.872003804709,1892.5292910385836,1886.2033467689594,1921.5694111049456,1865.4998050024408,1850.2699554492688,1876.612233793006,1876.4469712192947,1849.9354178541305,1860.222562003875,1875.567514689262,1865.968407537346,1933.647206789685,1892.1476502302107,1898.5527725731868,1922.7322743913912,1875.3943441674812,1850.1898109939511,1876.3877291632732,1877.4847888965403,1851.02351476833,1876.5346587651804,1875.5251160409834,1875.3461876456267,1910.23036138065,1892.3610759537073,1926.081182798591,1864.58999961983,1876.0504314275029,1850.0074374656988,1876.495839759498,1880.8018659433242,1850.6180533231259,1873.1593098176822,1875.9412799269467,1875.4687658867947,1904.5573809982905,1894.8795261183398,,1864.896884414373,1875.6050235337193,1852.0241411615846,1876.5219476915618,1876.95118595792
DEVBHUMI DWARKA,1865.4307768323686,1853.241472882096,1873.7906575995269,1873.1514377005174,1908.5465831253866,1890.712789082591,1888.6940978559248,1884.1373973032073,1873.2196836449987,1855.8140648497445,1875.6743301640183,1876.4706776385228,1850.3747272228613,1854.7924570143864,1871.0522527589926,1868.580099445299,1904.3815572987082,1890.2744431715744,1889.0311078633185,1867.559560722876,1874.562864188441,1850.3756898724755,1875.7474544919432,1876.4073368108661,1861.1062815640876,1857.0056819612973,1874.0091344601599,1869.9147693298366,1905.863847834529,1889.8197826471753,1900.0724921698659,1889.9688322489517,1873.2566106174368,1849.2613709327482,1875.778988913317,1876.0373810086,1860.9748120551246,1864.085492435927,1873.7439387818695,1874.2423818829418,1902.8968957884815,1879.3227760621862,1898.8853401535707,1875.8344159999074,1873.3330775309705,1850.2919971871465,1875.6426847731907,1874.6858388443356,1860.5781343588703,1863.6171050279327,1874.3072793350902,1871.4609456476487,1908.289649507338,1877.100190572407,1902.2710657332582,1877.8582378828205,1872.887057186367,1851.6714052194611,1875.7617080448063,1875.46148114663,1866.9513885186893,1853.879750461185,1873.9033842160688,1872.934322976363,1908.3823030849005,1892.0404652173304,1887.5013639413005,1911.2355903066689,1869.5040919089297,1849.1887821811404,1876.433551530366,1878.1776079187046,1850.6178673474374,1853.0211449052933,1868.2712945801138,1871.9236459229494,1908.2332005445692,1891.8172536845418,1892.4596092095867,1918.8358224082426,1873.0499652063472,1860.319262239279,1876.1079892797682,1876.1243549764451,1850.813018215687,1855.1755407871485,1876.5387301213943,1870.4270257437904,1919.9115208418768,1887.0998134744968,1891.487796990242,1866.5016472274935,1873.5042342488862,1849.5962175591308,1875.771401917946,1876.5806499308521,1861.6315758502708,1858.4612674793962,1874.0895471938288,1868.0322722549615,1907.5016677344342,1892.9901955154521,1904.846797413339,1921.1730348111953,1874.0290015676396,1850.4686047101463,1875.6674886585479,1875.9932686977431,1860.6899385108268,1866.3830227601395,1873.9646463226056,1874.0397750033849,1914.7996842377618,1885.6582643429972,1895.1505532983786,1874.3821078808337,1874.5399974388804,1849.5074930368157,1874.867443138862,1876.7772295867794
SURAT,1855.4007716076203,1856.4629311970014,1874.5576773118944,1868.9128161708563,1912.492950496176,1890.754216864573,1877.9490321208914,1909.5657207779645,1875.3821745804685,1850.1183014807068,1876.5700004151606,1876.3664293902364,1851.70464556366,1859.882513577376,1876.1769200719277,1864.6784578162005,1898.2251370241434,1888.9006692315702,1890.492833157413,1889.2192671979274,1875.2554963421908,1850.3438967959842,1879.2735761552028,1876.5484791655765,1849.7218484462105,1873.9406235564868,1875.7952133269848,1875.865852851661,1915.8552014250063,1886.7969402587435,1866.894412085239,1882.6399261584065,1874.9363339704314,1850.0562251076815,1876.5716106983807,1876.6416101421619,1849.702294164684,1874.1789230557279,1875.7426684379823,1876.1370024577045,1912.657243398587,1888.1668026839545,1887.7445437796123,1923.4578779043543,1875.878410981159,1853.3933209134625,1876.6363060020162,1880.7093585327261,1874.8620209915603,1853.6354224618187,1875.821434341409,1878.7211697801874,1901.7123375113529,1884.996016905735,,1867.1213661401225,1875.7800794332006,1850.1431667189286,1876.5388971685222,1874.7400899451764,1857.0385090141947,1856.834723275478,1875.8483486180648,1872.173789455291,1900.753594114163,1889.9881245474655,1884.5841263248678,,1865.4298570514193,1849.2229531842422,1875.6217477518403,1878.3040790984878,1850.0460247581598,1856.4406742885717,1868.1930393618443,1870.7670820593257,1898.517293013976,1883.9926443061709,1885.4588593668745,1910.800307978801,1872.9657857149577,1850.2110174643976,1876.594539176384,1876.3683171346465,1849.7611551892992,1861.0437476824206,1875.8441911220132,1868.768683084411,1929.8754476320426,1890.7532981676247,1889.8162593790776,1924.6730293520668,1869.692765934943,1850.1885329652805,1876.5830688568474,1876.1841097423016,1850.2505022358914,1873.7271823888361,1875.8968507217578,1876.446643265625,1916.408189327465,1888.470797725189,1888.3698789549796,1879.9558625798898,1876.283385635533,1850.031405548852,1876.6125240009198,1875.1047956437412,1850.6603178310602,1872.7580811398598,1875.3834207947784,1876.4317527333428,1907.0356537024047,1891.8888990874773,1869.4802860948412,1868.2243867374382,1875.9516520763311,1850.6715681122537,1876.585929240003,1876.126142836253
TAPI,1863.809668110938,1857.2174235915004,1875.5353318189848,1872.6453522351642,1904.675253309066,1887.3993833387606,1881.4639419130397,1880.0795825353134,1872.9514223598921,1849.9229743469493,1874.7568596844021,1873.8785849614972,1851.4601124505743,1850.44470156125,1873.2203194592066,1871.585065869241,1904.3704148723557,1881.780327239217,1886.661603756541,1913.9751966692243,1871.7294809980167,1849.4877786518332,1876.2561677000099,1875.0598475524432,1851.59874975766,1854.8788690228018,1877.9200846226076,1874.1482352933547,1913.6942644612536,1881.2619421282116,1875.4167287296746,1872.05817656395,1870.2613595959851,1847.0231592596974,1875.1019487083774,1875.1691547465073,1851.3805107009096,1869.1967183880763,1878.7710332452089,1889.4736540852575,1910.3766251536256,1882.383199462836,1888.9546684915447,1924.856063829081,1873.1187601814381,1849.0776959764673,1875.3340313517253,1875.4445207245542,1865.8270228708036,1859.4187465777686,1873.7078741177254,1876.687272790362,1899.7345406402835,1874.6377622056289,,1867.7451810518085,1872.439934199319,1849.3853070089403,1874.7471115845524,1874.3552926017596,1865.7945386190486,1855.270651874176,1873.523556836326,1880.7208872558901,1899.5139233879893,1883.7608737321468,1888.447544203728,1874.239615315894,1869.317748987765,1847.0072834973012,1874.501741140624,1877.6613772455264,1856.4370479695021,1849.1929360381816,1873.2618170950216,1872.4574732589792,1900.0433327025778,1883.8814298726998,1892.4182918495067,1878.372199536626,1871.9501768758998,1849.284967693996,1875.0527200973627,1874.9948807234582,1849.8606186843,1850.1011015255237,1873.7840004900736,1874.4754113019521,1922.1858013900178,1874.8677486841987,1889.6344041723003,1924.5674767089515,1869.2806409906557,1848.5402867066748,1874.7334843663125,1875.076826562418,1849.130604088428,1857.1913255682184,1877.1730649729673,1884.5725018746007,1906.5337623063594,1892.9899788924386,1881.7061660600918,1914.426632275728,1873.4132826974153,1848.6247508457395,1874.7947436714303,1874.8280595686085,1850.6071385550854,1865.1478016472847,1874.3455050440195,1868.6803188716674,1909.6035551992688,1893.3812066123544,1880.7045414085167,1877.2496720624576,1873.1769128278117,1856.7492252296527,1875.0321182575694,1875.1985453379045
VADODARA,1874.4829542246125,1856.4443208423681,1876.1389106473612,1874.1022604036457,1913.372578788934,1889.905064478289,1887.4838478129484,1885.9291929193528,1878.2670339065046,1850.0752485322314,1876.6378196399835,1876.1278897792683,1851.4763601048962,1856.9904015315885,1878.6349238617024,1865.9311961658718,1906.1465037505563,1889.44039934566,1883.9024719098525,1869.6839210123987,1878.475554573849,1850.1097789541993,1876.50318705894,1876.1060403157983,1849.6315427134703,1860.8570085204512,1876.9480030840784,1875.30984312872,1905.6081521252358,1891.0282900499546,1901.1678851216725,,1878.7998821861265,1851.883954508984,1876.636677608453,1876.4316650245003,1849.6865724314189,1876.6137309676067,1876.8868918883315,1876.4888659283968,1904.2884157417413,1889.1094345149227,1890.712520654702,1922.2053893116415,1878.5069299093682,1851.340297028446,1876.2565816834624,1883.0651854405037,1876.1251916911754,1851.4190126673577,1876.8755964980385,1885.677917377632,1903.9131653567756,1890.4603464712231,,,1878.8151869669164,1850.210760486401,1876.6419757484496,1875.9545305295705,1872.2552318187543,1854.7943686271128,1876.8494980535536,1870.9200642218289,1907.297174196235,1889.6647554484775,1886.4661347635881,,1862.1892806488831,1850.276520510519,1876.489539229635,1879.0357598386597,1865.202823926115,1856.9732191023127,1846.083649518129,1874.703888251761,1902.2788077589553,1890.3686189650255,1889.0177854968008,1922.9304865002127,1869.9852659970604,1849.8345386503806,1876.4361824688845,1876.6243977529973,1849.854947924394,1857.2735433639555,1877.1003279180009,1869.6107648292991,1928.634670405115,1891.458581556465,1891.7506745516682,1924.939483543019,1862.01437526874,1850.200683399049,1876.5839268583145,1878.5112490434883,1850.5953830669891,1862.3644657537836,1876.7748050548103,1876.645424274813,1915.396649228189,1891.273343741797,,1864.9516623472555,1878.2394660950642,1862.324270018087,1876.453271558592,1881.3972736505452,1850.2878727803695,1876.2833835881138,1877.3768961491664,1876.41524551297,1910.633046181229,1892.6663695028403,,1866.7693529503324,1878.7778859566697,1850.7148002301421,1876.5986061039653,1877.894098899834
DAHOD,1869.3075485181273,1856.7142312795597,1874.4321666511803,1877.284649730829,1896.5466814929223,1884.3488809906494,1892.7120663157384,1876.1784228075446,1873.58566824121,1850.3525504941895,1874.365528426626,1874.7018540249585,1870.0346221001578,1850.5632273210788,1872.1661038492769,1872.348307139615,1902.8974234606383,1890.3454187612342,1888.3087501893467,1877.3391145469263,1871.2792016189273,1863.3036153841156,1874.6403168096974,1874.7269592354853,1861.9336848663083,1847.9093152327123,1871.2000544003013,1868.6596093819558,1909.5376234049506,1897.300062803491,1907.8113208458342,1877.8503731273306,1870.4205021214775,1868.5354748681946,1874.6491194013756,1874.8428373853608,1850.1417294683529,1848.0372958604733,1874.8677450464627,1897.2718739480674,1902.6828526894428,1885.2014444242113,1892.3799839576727,1874.022797870421,1873.726321083633,1846.0341330384126,1874.6860271470382,1875.502431283862,1869.242660098834,1851.770130451507,1872.0823961326919,1893.4365687985564,1896.0714823822088,1888.3169636609568,,,1871.4299652137872,1850.304457986923,1874.3130439964411,1875.7843923354294,1869.5649976002617,1857.682061775354,1872.3254562510929,1880.4827649563465,1895.0141862341898,1890.1915473577383,1906.305825790928,,1870.4228169431742,1845.8008253561823,1875.070940149815,1878.5259338480287,1871.9351478634567,1852.1262515593519,1869.266703430865,1878.4566300621364,1895.7523720316053,1888.5294863844376,1909.0874971153023,1878.7236605080511,1872.4696274821588,1848.9692539478235,1874.67039709072,1874.692160973759,1875.1908762364103,1850.1899129813253,1872.069678612664,1877.8890001359505,1919.5665364461477,1889.2573534563069,1889.3900851008118,1867.816196815452,1870.2258900025618,1865.65806838964,1874.7552910673555,1876.8656021991555,1856.6182970194668,1847.8360723919918,1873.6648242302722,1889.7719402616406,1898.5509469383428,1899.5146913268616,1887.5083760690625,1926.7723361590608,1871.4105270590817,1868.2373557015912,1874.655313358705,1874.7121954591858,1850.8016835794222,1847.6617844625728,1874.5825244063758,1871.7468527887743,1918.0438250770535,1900.5530220623552,1885.6715448075934,1879.645733136712,1869.0333990629733,1848.4563712001107,1874.7040570162812,1875.5651372646792
KHEDA,1872.9926391939657,1854.0168621156477,1872.1704734085056,1874.6924926582317,1917.70253228722,1890.2397970203356,1890.7235811298906,1863.8118235472953,1875.1663996203922,1849.8217034686058,1875.8913122897932,1875.6813819977144,1850.2685081951665,1855.219812957172,1876.1674239832118,1864.9214867558785,1907.501584819423,1893.183776661503,1884.7699137158104,1870.4532788145982,1874.5316182892745,1849.9354465380918,1875.8410774273252,1875.6438861637698,1854.5337189310856,1858.6574885612356,1872.7816121732492,1872.6458504493598,1903.6648617210985,1896.689861132945,1903.7330921871462,1919.0291319371468,1875.3242572034444,1849.7510422035505,1875.8554379743287,1875.7372665519097,1853.9811360276108,1870.4595516583743,1874.6732776515007,1875.5729994802412,1901.5760691556607,1890.0219497387623,1889.0474327369177,1918.552269008549,1875.5963993046673,1850.4395917182483,1875.6687826777968,1882.9493632301362,1875.6326369835,1853.6755266483797,1874.707517611822,1885.220915974421,1903.195011245899,1890.9726546608701,1887.260311297181,1928.6148706327979,1874.7478163079077,1850.2051760837985,1875.8757739749628,1875.295690429473,1872.1004408481551,1853.6032178601006,1874.5610620782436,1874.3044998510227,1906.5542842034954,1890.7652535738546,1894.3223687209857,1908.206112831047,1862.8544261571835,1854.1334480645505,1878.1086691499636,1882.0795063155645,1862.5610567703347,1854.3546306262174,1862.8111721844389,1875.0943552033496,1908.0895128629788,1892.7701116588612,1895.6190011839456,1920.2488572893794,1869.0889823231396,1854.3109715897067,1875.697721424719,1875.8314101453807,1850.2227876317527,1855.41918159375,1875.1128380726525,1874.6165310382355,1923.5088164736715,1888.3585300659524,1893.2169577619545,1868.3272636876266,1864.9150624090043,1849.6648672072522,1875.9093422528726,1875.9993482037355,1856.3722763735784,1859.444469788454,1873.8358636496737,1874.3453366233161,1908.4240576699258,1892.342265778651,1897.8746526881228,1866.7079046154229,1875.3461588568214,1860.2318656337138,1875.8445272847025,1877.640143578172,1853.7602004287849,1871.39398927353,1875.6650413300035,1874.3248598294367,1907.3655051724184,1893.9552903668596,,1866.4244509985294,1875.504496711533,1851.2452870522586,1875.8463335541169,1877.1818428855702
CHHOTA UDEPUR,1868.6227956975936,1858.1912352571205,1875.4504692529017,1873.289239672498,1901.4803020304546,1885.3052081929484,1888.4551107101054,1877.5191596372076,1872.822112671403,1850.2179672402226,1875.0186112773222,1874.767169307702,1864.0533643994627,1849.3855515391972,1872.5857734278927,1871.6524459146808,1904.6284903689573,1875.2278085382136,1883.2799367234466,1906.9881764916754,1870.5101957890322,1849.5168796711741,1874.9267939069355,1874.9402481711625,1851.0422420532684,1848.8888236584694,1873.4508046270262,1869.3239465612946,1912.0289028286415,1887.9633466286994,1897.131610558228,1866.9719868529835,1871.7467453687398,1866.4230644763934,1874.9055742534704,1874.8959627408515,1851.1703923662421,1852.2636343305794,1875.6305557631238,1889.7619660117095,1902.9854291231686,1883.061484706531,1891.0499121419139,1905.9140152561656,1873.3005914380583,1846.5702215904437,1874.9233063844947,1875.8730761306776,1868.7872453437467,1854.9542755963814,1873.0941494162544,1885.8638882734533,1895.757463206314,1884.3101249877875,,,1873.0509759423135,1849.8715699867105,1874.5772117404188,1875.452192096192,1870.3301226123722,1856.4091257935627,1873.4006128185806,1873.3858179387585,1896.3957925703514,1882.2981826174064,1897.1386309024986,,1868.1343135171799,1846.2594902188523,1872.6536288151808,1877.1767424527295,1872.5373361041175,1852.4598373971357,1871.2713845367623,1873.3960140672523,1894.8631894315602,1881.3218293360114,1899.3476516545868,1878.8986425809928,1871.9487313495083,1848.422807372521,1875.381207088301,1874.9365439540638,1862.7349401950494,1849.1220190368779,1873.1728709272995,1873.5104925365977,1920.4448212505404,1874.6023276505423,1884.6216486651642,1911.00942908183,1870.9118616184883,1853.5028653827096,1874.551717809432,1876.183633601144,1848.8518394271612,1848.8964114549624,1872.5773702575482,1883.9296655025994,1906.0050912559723,1894.7281566565516,1888.5046078066468,1914.5514705430348,1873.0490237698648,1867.8897174414014,1874.9161261637112,1875.7859354675538,1850.4225313492504,1851.900955039444,1873.0912985558823,1870.5102440170285,1916.803491073648,1892.6671416380034,1884.861888628704,1877.610961196622,1875.3306756014254,1852.083354462767,1874.8512013343916,1875.42812088847
ARAVALLI,1881.925956544946,1853.076562826093,1860.7780357749862,1873.4804089379516,1909.7510062349018,1892.1726989613242,1902.1133268605493,1864.6766784315928,1877.6535642719236,1850.2697853738987,1876.345221027747,1877.1805813398526,1862.947533617448,1856.8124249900288,1871.8820897271034,1864.1233228797041,1911.721541810085,1895.0790289053484,1888.354794980081,1860.5759010950774,1877.6255241970641,1850.2197383135465,1876.2909482849534,1876.2750710048354,1849.8652361196603,1857.4754877316807,1873.4227507758476,1867.5553357764184,1905.6082957826404,1901.860396171466,1909.9759623713342,,1877.1711649744539,1872.5869290258042,1876.309904211837,1876.0518743034775,1851.285154144617,1861.041976040878,1876.0972886752359,1876.3231676334315,1903.6022964094939,1890.2048497648793,1892.247632615396,1904.6232750518986,1878.8702916236925,1848.445310440288,1876.341659807374,1882.915054944928,1876.2902480425755,1853.6975372058769,1875.5292441804638,1896.5131140797307,1901.027989292672,1892.3928632898644,1927.967717025285,1880.0276746666555,1877.176302952526,1850.1149149356909,1876.3348859727223,1876.411124215374,1873.7209715663446,1854.261047357375,1875.707986558577,1876.0704026155363,1897.6448583356428,1891.006618722003,1891.9545725020296,,1864.794217104508,1850.3228755404857,1878.5439795423254,1881.9590301699434,1882.3068879234238,1854.3747404517737,1846.432862626451,1875.7759283257035,1905.2289442178771,1889.2384197246174,1901.6349595415877,1905.997711368538,1871.3956882769508,1850.0419682385352,1876.4426973411628,1876.2451149881358,1859.8053118365176,1857.2410330856276,1875.7268087341197,1873.623737450089,1921.3122241213593,1894.568427343774,1889.9181188629502,1932.2061428289799,1854.680929268742,1853.1407000107179,1876.308656100041,1876.8613760318153,1850.3849117096984,1856.8292460738378,1876.0282122459732,1876.3399759882866,1900.030643859476,1899.19944454895,1881.4542941578597,1932.593305236416,1878.7821336834857,1875.6374950908464,1876.2846778308815,1879.0642926482806,1850.6975370200605,1861.5678228654597,1877.190500111699,1873.7300712124131,1909.1522513501543,1891.7101162872661,,1866.228155115782,1878.7054602665025,1849.4383254658524,1876.288441162725,1877.0970598683941
ANAND,1862.7265047815083,1853.8026573020811,1874.1206305887004,1871.8997797587908,1915.499276171509,1893.1942787236846,1890.116658839529,1863.5842938010437,1872.4154215294016,1855.8302324800609,1875.4907237294672,1874.2550403024986,1850.1555505552767,1855.4610811110133,1875.7589236978756,1866.6135825540034,1908.03165222396,1889.0431873705538,1884.795339770944,1867.7137390942216,1874.3691610911785,1850.3216215804705,1875.3198637107598,1875.909777735674,1857.264921649783,1862.6393367821772,1874.398243040218,1873.7591001804692,1908.997294409592,1890.2427994095501,1894.620677637143,1921.4351747427936,1874.6350500868048,1847.6288875771124,1875.456250781924,1875.6462602510478,1857.1362815003004,1868.837236656466,1874.1860555280573,1877.0809495210644,1905.3849843435905,1891.3695771445005,1891.9689367528347,1907.152797253557,1876.2317084537576,1852.0369551857375,1875.3098330142748,1879.2709624420745,1874.327959212955,1851.7235221583815,1874.2961395976959,1878.7814457778093,1907.231869964782,1889.9316393755748,1888.332684612392,1921.296668127883,1874.4405033555486,1851.230599506356,1875.4653669044628,1873.6983857707992,1861.1157044565934,1853.2665743124378,1874.292868924543,1873.8714478048576,1913.9355240355653,1890.876312376001,1891.1499221767103,1915.0373427794443,1870.0951863891069,1858.0014300765117,1877.615457661843,1878.1252956485075,1848.9183028421478,1853.1351764329554,1859.607618437982,1874.4380820507904,1907.2974620376192,1892.1769690302588,1893.9600609745064,1913.8834126959744,1875.7935808319905,1858.4346204768729,1876.170937069536,1875.221746454642,1850.1505772058304,1855.6275378744697,1874.5228659635036,1874.070317836821,1930.6418806838724,1888.0508903397588,1895.2840821595516,1906.9509951754983,1866.1455869172762,1849.9725515567904,1875.3584183867972,1875.4570386165065,1857.767915321665,1864.2154518365676,1872.4956823586012,1874.4052717105658,1911.3560369371812,1889.2344391732045,1915.7457025218891,1866.6507294792016,1875.0407452098848,1849.8531573638118,1875.4420176640374,1878.0374806878822,1856.752535453804,1868.075725234383,1874.7536446913573,1874.355665625049,1911.78205180073,1896.968468617145,,1866.331611379911,1873.6218279344057,1850.937155216893,1875.2928578428534,1877.5127541529446
PANCH MAHALS,1877.4338125563056,1850.438079432747,1874.640165354406,1873.9411032296266,1905.1118904078485,1891.1811242783995,1890.9727286191994,1908.1884164132318,1875.4763622116545,1850.0704970535294,1876.663246381142,1876.8963390039962,1861.1235477317027,1855.2633587493594,1874.168824537957,1866.609192070486,1910.284609608534,1898.0512019336393,1887.4389280876103,1877.1017083849126,1874.5093393805787,1850.1475171805826,1876.6362280706292,1876.8354836385251,1849.5432500405625,1856.8665092276835,1874.3041200923494,1874.0376784178575,1903.6912825248894,1899.2330048897516,1906.2402145855995,,1874.5156755302119,1872.45290138117,1876.652211666222,1876.8915355632403,1850.089174868111,1862.544381466717,1874.2987020772337,1875.6253020736162,1903.700697753147,1891.055991828744,1890.085822036542,1918.6250774327016,1877.2004924083358,1848.8942884326734,1876.742077869598,1882.7230497932023,1876.7119892347032,1850.3806999571634,1874.3362890795913,1896.3617025917208,1900.0950148429326,1893.7690113983829,,,1875.0985825635707,1850.1597477874066,1876.6619721231132,1876.9090731723181,1875.0432678904153,1852.4083182531378,1874.5042714402605,1863.7516497634588,1904.7195946045501,1892.0563156708492,1889.2521047794526,,1867.035458280724,1850.4384456243981,1878.7451350654508,1880.9758569058386,1880.5265412211231,1854.5964155730771,1865.376670953473,1874.0643695963736,1900.3478156313386,1896.3534068057922,1892.6443251077085,1923.4478970801772,1870.6195337583601,1849.9208692326908,1876.801614385465,1876.8218513285517,1859.8634642692766,1856.8898527598,1874.5626354019378,1870.441379704453,1921.370305232302,1895.7917747462725,1892.5620415876285,1929.398386034821,1867.5268890230611,1853.664619957342,1876.691132628085,1879.3696903617372,1850.6619407014168,1856.303953799147,1875.7479114327389,1876.027849410074,1906.0061925918942,1897.8173231568107,,1913.3238004505797,1875.134144389825,1874.8950926540322,1876.7256032989883,1878.4062002348962,1850.572729176277,1862.3185442951476,1874.5493672665552,1873.6595935021182,1912.1493523260292,1893.7325604779462,,1866.0381535525962,1877.043914595218,1849.3600999473645,1876.8022230383206,1879.9454491924737
NARMADA,1873.5111198681418,1851.0242234831926,1878.3478399045514,1873.4126823765139,1905.2380735910485,1886.165196228579,1881.6407367179422,1891.573623049098,1872.431059829214,1850.8902887916086,1875.1903664495428,1875.8627304000279,1848.9997988995126,1849.4988300872055,1873.4495865924484,1869.31460062221,1905.8386341529758,1876.8254898211208,1882.644356458035,1910.5571985204851,1871.7578656712076,1849.2850578682783,1875.1474811628777,1875.052921283826,1850.8842310836517,1849.7863240295926,1874.7118728902578,1874.3942083092,1906.44718926174,1880.0416269356738,1868.3886223599657,1872.2969891874143,1872.2547906320683,1854.838866395396,1874.9934460416307,1875.358037733501,1850.7596779040566,1865.5505133502108,1873.5087542741062,1883.4589020545734,1903.6984581240813,1882.6727886192637,1891.39351152862,1923.5117370815924,1872.9998847748059,1848.3755371808968,1875.081658009312,1876.524924524019,1873.4678285704142,1852.4216006550116,1873.8387082250933,1890.0793517515542,1904.4865787971655,1886.6224628542873,,,1873.0228615909218,1850.3114659264525,1874.9335470887315,1874.5432476364365,1874.052337015751,1853.8993224002243,1873.7295451606783,1875.1105724273664,1901.715617947158,1881.584072856666,1889.170205005795,,1866.1255841676868,1846.825199639406,1872.454411544341,1876.2687832207107,1870.4413353829868,1849.9866652744902,1872.8664645220522,1874.4929864491135,1901.1594750328118,1881.3867736364377,1894.590587334291,1892.1681916990303,1871.3964675390553,1848.3255524524648,1875.5898624996967,1874.9323827984101,1848.9661116550863,1850.3128442719058,1873.7355544885652,1874.376102081132,1927.9411184700423,1878.4223569405672,1888.889807635189,1925.866867401788,1869.4337960887278,1847.094593901619,1875.3830273916085,1877.1566772731155,1850.9070860350114,1851.1764110705474,1873.7828365852858,1885.5963401353029,1907.3872636288884,1891.140520966002,1878.194297633999,1902.3412544181176,1874.165018612091,1866.5307381452099,1874.9466921944531,1877.757747123174,1850.1499282867678,1862.6600247328865,1874.4775752932644,1873.001945311421,1910.9355438538723,1891.7936839036488,1892.404177211939,1872.255067430131,1872.9582190707063,1852.0447124998586,1875.5367436189158,1875.2100545701724
PORBANDAR,1872.7159032632867,1857.0867968661385,1876.3923105084432,1874.3461733233082,1915.7500367554037,1890.6423184297118,1878.0728846716145,1909.207409265335,1877.566862343033,1849.5738985642033,1876.5081936933614,1876.3934917609815,1852.5660629555846,1856.8569381630994,1867.5443143656876,1864.8284867322338,1898.4727257590462,1889.7662709374526,1882.6056587414005,1870.1729389961272,1871.3644623365417,1850.069849101744,1876.4859847099062,1876.5895306526472,1850.602221909765,1861.4767212507893,1876.3767588466264,1870.4867063979525,1898.7221094236204,1891.9100038760496,1885.306354082405,1888.326722942262,1875.8342532934562,1850.5343079757426,1876.5513250718345,1876.5227108285794,1850.640487322904,1874.3366335238036,1875.9899638475506,1876.031405039224,1903.6364684620514,1881.4634377186048,1887.7846537542011,1870.9681293202584,1877.7549458378285,1851.0614874580838,1876.5187825026085,1876.5473166288293,1850.1345936115404,1874.8925159464839,1876.068150957717,1874.7805823881993,1904.3254661632755,1874.2766853684834,1898.155285496064,1865.9931519463025,1876.4290188112357,1853.1900247303906,1876.4214431868343,1875.9160701685453,1872.6011616936628,1856.4306791530296,1875.973306882357,1876.1796508352982,1902.115035527887,1888.1694538997485,1882.5673194598355,1891.8976756448878,1850.688120300858,1851.1273376848958,1874.0733015887463,1880.798809376213,1850.688329929152,1856.4485269013492,1848.2574684435285,1873.7219643984004,1918.4388967383177,1892.9607915457195,1879.8452537130424,,1864.985717534091,1850.134795570714,1877.2473126584096,1876.4492901494998,1850.5928307796669,1856.4868129665924,1881.338059892046,1871.3422358683054,1917.080427828226,1891.2086657780346,1884.4719980243774,1874.986079973688,1877.6391979391653,1850.6137120768371,1876.2279581358728,1876.5562779742706,1850.6938510375821,1868.0937894081117,1876.2895616103472,1866.567316710077,1914.2066352632316,1892.3892329572411,1904.4129271396407,1864.4169009324967,1877.7753814913958,1850.2110630817776,1876.4642879673577,1876.0238618030658,1850.2183680302455,1875.926058047591,1876.2590916597198,1876.1072057821852,1915.7989406888926,1885.3232019593902,1891.382532461395,1870.4953516611656,1860.3665189850503,1850.0759762436278,1873.2743336423653,1876.3908193123455
VALSAD,1851.4859871133,1853.2578075034571,1876.6650390592056,1868.5215745479684,1896.2036809894585,1887.386716475937,1887.7850130837,1910.4622157323909,1875.0137384823204,1849.5402648432762,1875.933762437185,1875.1360220096037,1850.2052165048099,1869.6123522896546,1876.374901058338,1867.545551315351,1900.1819721856548,1887.7412343280544,1885.4431448408968,1899.9324959983812,1875.9813291227342,1850.1406874302822,1882.3858919411562,1875.4238002511752,1850.4612309880688,1875.3264852939838,1876.490376699125,1875.6756515518557,1917.0297513297462,1890.9325370226695,,1878.1605847761448,,1849.364112363598,1875.9313713613358,1875.9587964282034,1850.104143307208,1872.770230186009,1875.5059018554068,1880.3755393123286,1920.2797010369436,1883.3067380719087,1889.188744056536,1923.880001023732,1876.1060266835937,1853.4819974285351,1875.7925405774258,1880.164746018295,1868.010100661291,1853.4796960167698,1875.4563534413126,1871.403079519645,1906.3150810167313,1876.559052386537,,1865.6457074934626,1876.180768247973,1849.843685222349,1875.9117188497828,1872.7627754612656,1851.0371008339946,1853.912421238616,1875.8178879938953,1872.6058946366277,1900.6131482773012,1886.6897532399842,1882.3551940836296,1870.860501012162,,1848.3572637530597,1877.8212602754647,1880.592667835226,1849.73157559574,1854.7594291049113,1875.9913840025697,1869.2934753322954,1892.072396643191,1882.9297618331684,1880.2567083707906,1904.1305495743918,1867.0708926673042,1848.9662515645089,1875.9778805131418,1874.6776689913772,1850.0457850703142,1868.2899077611482,1875.8278503178612,1869.9484768437362,1926.9271517938303,1887.8376771879066,1888.714217994846,,1865.4523741105875,1849.0209918363544,1876.010918992002,1875.8757893735492,1849.5495303725022,1875.7610626918615,1875.3563480088162,1875.6849521512306,1911.7879602089047,1887.368504716343,,1901.1220004348243,1866.0674703776342,1849.1220134161338,1875.8228786306283,1875.6275547383764,1850.994919717748,1872.1852072133333,1867.8410929766799,1876.3082130318137,1918.803532010132,1887.474172867,,1874.0896199131635,1876.2093860311682,1851.4808073789425,1875.9585035674572,1876.8620648041367
GIR SOMNATH,1862.4807013157847,1862.6395655401955,1872.8882931992473,1869.592244204892,1910.3141015311353,1879.5219512808703,1880.481132559533,1889.3520487666283,1873.2625489866361,1849.991453045815,1876.566114558952,1875.4278061841983,1851.545910210287,1851.9386755543453,1872.8056673299218,1872.6862457879404,1915.5584285539016,1881.6303057221862,1869.662045445776,1868.9154220758926,1872.1538320719444,1852.1256827580276,1875.2478896290786,1875.1491548432984,1851.6245874120013,1852.1455444377086,1880.1238432609198,1873.1764983107512,1912.7255111936274,1873.7696177167704,1886.4136336088477,,1872.9940136456619,1849.2560366651812,1875.257645145256,1875.1150791135917,1850.6658087113397,1855.1195417880654,1875.2914237477037,1879.2785318157753,1910.0588720573496,1880.2896045387927,1884.300760409886,1879.4403276378594,1867.6702241472065,1849.8655685321926,1875.2277814651836,1875.2491731795533,1851.2265495774748,1872.407948918352,1873.1380314532607,1869.957069710718,1898.6080007787782,1877.3908032088095,1893.016819134874,1877.8640945081188,1873.05809599721,1849.3241500227084,1875.2997446964066,1875.1723752127862,1862.3902066596233,1863.2292843873552,1873.0900423832177,1872.642142718178,1907.2312473011214,1886.75492368702,1886.8308175974275,1863.975068408379,1873.15760085843,1847.4967727928858,1874.457878145317,1876.4517157123828,1862.2254798527947,1860.6909060640135,1873.3203456701574,1872.7761507561381,1906.8507400503838,1878.665122662122,1887.774476755442,1866.307617017635,1865.0209673053064,1848.9805341636777,1869.690469070615,1875.4933873087507,1851.5550029116089,1851.9441442458992,1873.5092758162182,1877.1929555725144,1920.5740013548352,1878.6062912307611,1877.735601590562,1868.4456896470692,1873.3820838931113,1852.2308444931343,1875.3186189075127,1876.2226553127405,1851.2644036191793,1852.1310500257348,1873.735498618292,1872.9180332146045,1915.7051513648603,1873.9978662788267,1895.247445047893,,1873.9183044553815,1849.1169176837163,1875.243196579832,1875.475890719837,1849.9162548590368,1855.6122658735871,1873.2097666567142,1870.5125547800646,1905.4230661342965,1885.3659393273051,1887.3990842480187,1903.1651037147865,1874.7148439118828,1850.581638817164,1875.2019180134942,1875.3625252267316
BOTAD,1850.1033473876269,1870.7102114668387,1877.0932014872883,1876.7991049507393,1898.7490193820347,1891.7805073255224,1889.7735296749056,1869.705130355079,1879.5643822154295,1856.602223291972,1879.648679210115,1876.1412852894757,1849.6283586134775,1849.9406835506118,1877.131313502284,1878.5525420804042,1896.2518215507343,1883.9482798498336,1882.4758424457905,1865.9021651249504,1879.4754273764192,1850.1901702656355,1876.6694647139825,1876.656491876184,1876.480325279007,1853.7375968399767,1875.8236653334775,1876.636750936212,1903.7157407445795,1882.3794297026052,1913.5396066114251,1913.0494095500314,1879.08101920834,1849.4398728213798,1876.6773278380074,1876.6680389865712,1862.8414225899567,1857.3312819284397,1879.0643316811795,1890.9975099659796,1917.408947769291,1891.014568841082,,1906.316900670105,1875.085524517815,1850.0491149585125,1876.6731640118905,1879.3505761750416,1849.9779867452517,1857.2199454670247,1877.1157393297945,1870.9769298363092,1901.3089838948626,1890.7548380484827,1876.259886968489,1923.948360068787,1878.0613990487407,1850.482480622529,1876.6671353691702,1876.5789365208454,1850.0509434008748,1861.2878073949682,1875.7522099492096,1888.65706516339,1889.290602196634,1893.391517205196,1891.2462447644368,1867.5795617641172,1877.2847174191706,1850.4008589974774,1876.508724626372,1880.3220371847394,1850.762595987249,1876.923023415239,1877.1289588990644,1876.9215953137932,1897.0362604112916,1888.8225124206265,1903.0998345229254,1868.6107082844096,1864.8012079771695,1861.5551676657537,1881.2423136635073,1875.8092911788126,1850.535587399206,1850.4556737449482,1877.036963936872,1887.9537050098857,1915.1786709058244,1884.578991064798,1880.1088060101217,1865.4966873444341,1860.8494622097242,1849.69488751557,1876.8547124346107,1880.0916143482793,1876.2867401772075,1853.3798250325897,1866.3070486178574,1895.4536856500924,1908.6087103795385,1885.6442115721402,1919.2763537817245,,1878.8389135684606,1850.156790515228,1876.6649842423988,1876.5362385685448,1861.2104714986217,1856.850546622474,1877.1089879451797,1869.242161924155,1895.2359996723358,1887.8242991734783,,1892.111482548261,1868.9600370898513,1850.0699692076257,1876.6755467120288,1876.2888328686531
MAHISAGAR,1880.0379214981556,1850.846264039527,1871.1864402624549,1874.0254272552213,1906.2939788960753,1892.298632823342,1895.8159641377374,1887.0130375456229,1877.0761883606879,1850.2544848999053,1876.5278468022489,1877.9349678163064,1868.4736576661196,1855.3931198439734,1876.030659175102,1866.103388029308,1908.8568311607628,1899.258883176979,1888.4784489436806,1873.298075193384,1876.6144997347465,1857.7907158819726,1876.5368647513267,1876.6466848413568,1849.5740545342353,1856.5280293288502,1874.6214102087613,1871.705551013195,1903.3790047127495,1905.796138009729,1905.404920799246,,1876.6627871360226,1874.3901695177601,1876.4794273882903,1876.5150273260144,1850.711841570044,1858.4947160801298,1875.152132932617,1876.5037495869951,1905.0344447141765,1891.4852254420366,1891.1441801425262,1915.3361265053252,1878.1113565608775,1848.3818039522428,1876.463896744923,1881.4246147604401,1876.5266938758953,1850.5307950509887,1875.231876592485,1892.5492949517875,1910.1185415029133,1890.8809944532354,,,1876.8820574755864,1850.2436731820462,1876.4665869337389,1877.7444231541517,1875.4780687347227,1851.9126024280024,1875.3555216235484,1873.9328374407808,1905.3163221822822,1891.0298207457552,1891.6395320651836,,1858.2959295224389,1850.7041400556147,1880.761235540897,1880.8301594530797,1881.9013107212381,1852.1204346935624,1857.8293353910356,1873.7270514662325,1901.1739071963839,1894.4590332594596,1898.9540073688022,1921.5131316619284,1871.9474438093464,1849.8291980966635,1876.3861551605385,1876.759917774204,1869.195546518998,1855.8839461557016,1875.2757865428514,1870.4728016302697,1920.44802580955,1901.6713253634298,1890.350670219933,1878.3152256152543,1861.5083799681993,1863.4715886778233,1876.5357060332249,1878.7412469420467,1850.2336729960498,1855.7348114161748,1878.245969568975,1876.168198559733,1901.5645763235282,1901.3617789021964,,1912.2566182090254,1876.9094102870708,1875.562283490033,1876.5267511380735,1875.5018601484085,1850.7989445009255,1857.84382148701,1875.72249483681,1874.0946106545407,1911.7623554607603,1894.001528373939,1894.6001361179585,1866.103571127405,1875.420318341948,1849.436271651998,1876.5622514341796,1880.4443045461144
GANDHINAGAR,1872.349584913978,1849.6664439007056,1874.3588149621796,1873.4192454983956,1910.981072714011,1895.2968721781638,1896.7083664024085,1867.1103658432228,1873.89425535376,1849.3066209013873,1875.135691849252,1874.7061450309996,1847.9589892371444,1852.7106130824898,1869.2882060255338,1869.360826888766,1908.646319750041,1892.5556888152446,1885.5513915116019,1869.6446845854318,1869.8019366003148,1849.0761028150891,1874.9528569293782,1874.9573738613776,1867.872803534383,1853.863575306392,1872.4480403807895,1868.9982434649396,1907.8533496679977,1901.8536611778457,1907.4913959530022,1914.2952472608233,1871.3873047250065,1844.9100141618148,1874.9033027699497,1874.9707970915783,1867.0862556539123,1860.3137387823479,1871.6504567791776,1881.098822792874,1901.5139010322284,1886.5736058991579,1890.138662748632,1891.7648897477677,1871.5711808613262,1867.3608970947723,1874.8475472837888,1877.6573952656565,1874.7540406531325,1854.5624677862788,1871.5274269724243,1883.1994794816271,1903.4460103449649,1893.5327850247681,1889.581643569133,1923.4337387529326,1874.7475832325063,1863.4613378236845,1874.8892919308264,1874.9739154256256,1871.6226423317369,1849.1512005725856,1871.9640794585457,1871.6627777537492,1902.309083570684,1889.9369475602425,1903.3204088861535,1874.7966387361046,1873.4866566496603,1865.8914864772619,1875.849811793369,1879.6681599246128,1850.607951921485,1849.135815795782,1869.4724011503624,1874.793999094438,1908.4460817059498,1892.4969156074842,1916.4583092766302,1917.0120380556357,1871.2404952407182,1867.803942475421,1874.9556713252841,1874.9098686132193,1849.1462247616123,1853.028707317091,1871.2935464262532,1873.304970154388,1923.5138245771275,1896.3425871232898,1889.1549525463158,1866.3929050259142,1866.7298273049034,1847.4985850676944,1875.301271406032,1874.5511342070258,1867.3906506207463,1853.602654962933,1872.5464156261369,1877.6607339643542,1908.270688441042,1897.1878209268727,1896.012648333125,,1871.5680495922568,1848.3029105000596,1874.8835527252477,1875.297093918693,,,,,,,1900.4983165578337,1875.8700503005255,,,1874.4062977603285,
NAVSARI,1851.1651980936692,1854.3217427089025,1874.0667086184178,1868.5324554993522,1906.109992504553,1890.1911625753169,1880.2283994484765,1912.538727768932,1876.4961531109252,1849.8224467006232,1876.1522126376944,1875.5852289872885,1851.0483746357436,1862.5556629034406,1876.709345376248,1867.1123250815554,1900.9268970412443,1888.327459562789,1887.1801245206145,1893.969239134326,1876.6316259216485,1850.3954542636739,1881.402753140888,1875.8387807734903,1850.051828654506,1873.9995548162717,1876.3321245658915,1875.8467435808486,1914.719397066702,1886.3510530012195,,1875.9548239836308,1874.5973605426116,1849.6723435383067,1876.160935361268,1876.2671942646803,1849.6284528945398,1874.7084107794658,1875.8908726542645,1877.0521069684535,1920.701183634275,1883.5254978026173,1885.7468877627957,1923.8438118030426,1876.8429618971797,1853.0170280529073,1876.2587804286247,1880.3472469397686,1873.7756593955373,1855.1097125596427,1875.9941169185777,1871.3324106641544,1908.0342290025278,1875.1444069801746,,1867.2071902976782,1877.2121919111328,1850.1800930563047,1876.1333756836962,1873.9027132208332,1851.5970632360797,1854.9904481791614,1876.180786763684,1872.1767809911205,1903.8385200702392,1887.1246863078957,1881.9804192216677,1881.1367650128068,1865.7865522250106,1846.4335591912347,1875.788554670461,1880.9904658658224,1849.7739555742944,1854.4130593388736,1876.6739480033298,1870.3220442444454,1900.9914802492995,1885.9052320038325,1887.3985362256103,1903.0708463370893,1874.1722474075332,1849.7651398215328,1876.2159965412175,1875.8340013547956,1849.5652763602754,1862.7484194229016,1876.188779827484,1867.5221780892678,1927.4841236397601,1890.4914801716718,1893.099482785053,1923.0790280473498,1867.499077432919,1849.5273275457535,1876.2397707075859,1875.8652338089464,1850.1525486396042,1874.359615670496,1876.5362645818357,1875.792851655371,1914.1274857800042,1888.6755529374777,,1893.2072455684101,1872.9955318646125,1849.4381703703857,1875.9037907160946,1874.3444435939641,1850.787009255561,1872.2774873461872,1864.6480649079772,1876.185439052689,1913.8063321666607,1892.5866602620745,,1869.910429491323,1876.822770422651,1850.5675832197107,1876.183713981106,1876.158998507899
DANGS,1864.9809404813684,1857.7085695326803,1875.6566319947271,1872.8390188080523,1899.6213315599907,1881.2791358747247,1887.913295850385,1882.5921915797248,1872.5658361484147,1855.1687796364538,1874.518049156963,1874.2721343929884,1852.1396008497738,1848.9042817661855,1872.1100496515555,1871.945897453623,1902.1461235837498,1879.9575918511914,1880.4389949469653,1915.3992343038012,1870.3069851117182,1848.7505137167152,1874.651933487578,1874.746347376475,1852.6625374790258,1850.2944945179954,1876.6058491606518,1873.3098784524982,1912.3114041375236,1872.6143281601949,1870.0835327277268,1868.0078239757622,1869.9981117325522,1846.8219184530296,1874.7536061405087,1874.7439501628633,1852.0986008832892,1870.4490750224713,1873.0305013768063,1896.6162088423075,1909.9418731285887,1876.6497906640748,1888.2529497819733,1921.2206488294864,1873.998735421761,1846.8919278211933,1874.5940035917145,1874.8785056040433,1865.676157038496,1858.6455346941605,1871.7550081187135,1880.3618951298033,1896.5941730988,1869.0958165892816,,1870.5964068177425,1872.0046094298975,1849.2529270211526,1874.737516558588,1873.8888511321643,1867.4278563539951,1855.1513382694736,1872.3308870476915,1875.9846105737633,1899.6244378291633,1882.5352889222434,1888.1191872191741,1867.5788169457815,1872.3124871456218,1845.946524153389,1875.7646570446484,1878.505437935695,1855.2128280195657,1848.049035949971,1872.0977278017115,1873.0276627699807,1899.110188635215,1877.197846811025,1889.1056814830583,1894.2623121408421,1870.5040557010484,1846.8019893973926,1874.6800353018748,1874.8171865812778,1849.8428906746135,1848.0373328040416,1872.4866174969677,1876.518965404746,1919.5021710194749,1877.0116236963217,1886.3146547962078,1925.9612176558494,1867.4539556786624,1847.2274739563807,1874.5218595005622,1876.9300757020567,1849.0088762226083,1854.3059684950026,1878.4616235564608,1881.5517391070844,1899.0965307873926,1894.3695941243384,1873.110095631973,1917.0661009995235,1868.0713972114786,1846.6387118266236,1874.3757472676402,1874.7505845689252,1851.1746896876464,1865.3734433830937,1869.6689589490643,1869.029964989419,1907.7433086663095,1895.344648269074,1869.3970762498197,1904.8406256179048,1871.5205104574634,1847.4383271745362,1874.7623713124578,1874.6880238548354
