state,2014_01_01,2014_02_01,2014_03_01,2014_04_01,2014_05_01,2014_06_01,2014_07_01,2014_08_01,2014_09_01,2014_10_01,2014_11_01,2014_12_01,2015_01_01,2015_02_01,2015_04_01,2015_05_01,2015_06_01,2015_07_01,2015_08_01,2015_09_01,2015_10_01,2015_11_01,2015_12_01,2016_01_01,2016_02_01,2016_03_01,2016_04_01,2016_05_01,2016_06_01,2016_07_01,2016_08_01,2016_09_01,2016_10_01,2016_11_01,2016_12_01,2017_01_01,2017_02_01,2017_03_01,2017_04_01,2017_05_01,2017_06_01,2017_07_01,2017_08_01,2017_09_01,2017_10_01,2017_11_01,2017_12_01,2018_01_01,2018_02_01,2018_03_01,2018_04_01,2018_05_01,2018_06_01,2018_07_01,2018_08_01,2018_09_01,2018_10_01,2018_11_01,2018_12_01,2019_01_01,2019_02_01,2019_03_01,2019_04_01,2019_05_01,2019_06_01,2019_07_01,2019_08_01,2019_09_01,2019_10_01,2019_11_01,2019_12_01,2020_01_01,2020_02_01,2020_03_01,2020_04_01,2020_05_01,2020_06_01,2020_07_01,2020_08_01,2020_09_01,2020_10_01,2020_11_01,2020_12_01,2021_01_01,2021_02_01,2021_03_01,2021_04_01,2021_05_01,2021_06_01,2021_07_01,2021_08_01,2021_09_01,2021_10_01,2021_11_01,2021_12_01,2022_01_01,2022_02_01,2022_03_01,2022_04_01,2022_05_01,2022_06_01,2022_07_01,2022_08_01,2022_09_01,2022_10_01,2022_11_01,2022_12_01,2023_01_01,2023_02_01,2023_03_01,2023_04_01,2023_05_01,2023_06_01,2023_07_01,2023_08_01,2023_09_01,2023_10_01,2023_11_01,2023_12_01,2015_03_01
ANDHRA PRADESH,1850.2145231049487,1874.646017403848,1873.6585716423808,1873.4707936363484,1892.9522518504086,1874.4198265232092,1872.2464044744256,1887.4549802956085,1870.6045577230327,1858.8703734530473,1856.8926618128294,1862.9304949897014,1851.4067035524129,1874.948601867118,1875.7001571334417,1889.5609636529284,1874.9269966856025,1873.4610487368848,1881.8136307099544,1866.3787505376201,1856.7003683213247,1859.6767688773325,1864.3537988820103,1851.575129433973,1874.2030462939365,1873.2251429926762,1876.8699104274635,1892.0040106945778,1872.4334467386857,1876.6065186014823,1886.4800661929744,1867.9960150190732,1858.0379204377034,1861.120029454071,1863.2566374238925,1851.2314413699726,1875.5291875214994,1874.876348719469,1871.0744566255244,1888.6753210640295,1872.18826227664,1874.1789060247813,1888.7066066034565,1872.6027323202866,1856.3759538530335,1862.1636635042669,1861.8103861659745,1851.930828030021,1868.5462083861728,1875.3640670104762,1871.0192624031329,1889.1080693791441,1873.7128067000683,1872.2941282452957,1882.1683936030738,1872.1894223062145,1857.9558293263262,1861.7624561609484,1862.0583580688458,1850.5763324334084,1873.607588485578,1874.8207462544065,1875.3249622446306,1891.7653949470443,1876.0398833610159,1875.8268615024563,1890.0612960458784,1873.8658774400037,1856.2747552807655,1861.2932055160459,1860.2943126847092,1850.9306097353642,1875.1977977907034,1874.9490158197912,1872.0962712778044,1889.9143652653152,1874.228819679003,1874.559443921498,1889.481675983296,1871.8218107172515,1857.048858475828,1861.632669616784,1863.1725027530626,1854.994732209497,1875.1395474091564,1875.195712750449,1874.2834332321784,1885.4582838013316,1876.100315460579,1876.6615363742092,1885.1815296999919,1866.4960371972675,1856.624629583085,1859.7839975356244,1865.0389056593287,1851.6172818453401,1874.992434998627,1875.2860130999798,1877.400760400804,1889.6547387374626,1874.4741635939065,1871.4258500660483,1889.5351611938236,1870.147094316887,1859.8687334399026,1861.905457623972,1863.7253657579122,1850.8832220000986,1875.5016589227994,1873.348586071981,1870.9269263794993,1888.0427852190073,1869.8481068716135,1872.9189787802582,1883.6286208411764,1870.4322539493526,1861.6089640104992,1858.6228501698715,1862.932413255729,1874.7624133838842
RAJASTHAN,1873.775606342439,1851.4169387861427,1869.5918307322033,1879.7330796648992,1903.6634252357758,1905.0748567007556,1913.227439382062,1871.8267340983787,1866.088849719638,1868.1699730460232,1876.0001582634748,1876.8494701216969,1872.6328297531352,1850.54014104768,1880.390975030935,1903.4759424971082,1911.7416616981661,1918.2983401549782,1873.0162167067297,1871.5256387879422,1869.9505599334923,1875.7931947711293,1876.6498004016123,1874.0263963888895,1851.339321651507,1870.6895073492826,1872.3425575721167,1903.1597531935054,1907.4665159384056,1922.9525442885715,1873.8943534759228,1868.2776940441568,1872.735993960091,1876.1435377607481,1876.587876501022,1871.0937944717377,1851.5400651763734,1870.7098419001866,1886.9095494663466,1902.608853369332,1907.7006921768534,1919.1881254120358,1870.5035203934985,1868.162797746544,1864.8030669023087,1876.2699678303923,1877.1110841067814,1875.2718897038326,1851.2930500029252,1872.0772224311568,1890.196180771258,1902.0072192507728,1907.2327613554983,1918.6395279439914,1876.2041919784604,1871.3996101079413,1866.9686467063007,1876.049621088096,1876.9918981920532,1873.3554822019814,1851.1066030157428,1867.590257992024,1883.453478835621,1902.0513700925997,1905.7899387190257,1922.473972734824,1885.4555751802518,1869.9025876323751,1868.475140804984,1876.047442744943,1876.6188198522664,1873.945234586541,1850.9207062659384,1867.8660848853795,1871.871877297751,1902.1661562565441,1905.9210910293527,1923.072627616797,1887.588763023645,1865.177528003102,1869.5899877658194,1877.0679281581788,1876.499310515847,1874.0245512280408,1851.2602348031062,1872.0995450513672,1880.2161007048744,1906.6623499425693,1912.2777292309215,1915.0645491044966,1881.0356272537117,1869.1813116199116,1870.9013014172924,1875.6413288251542,1876.8133734202806,1870.0603011482706,1851.3868495246027,1869.819740993701,1891.1540640980547,1903.8462564133727,1905.1662185813848,1914.0821281635658,1891.178902301058,1867.1867124875025,1869.3588875539383,1876.0651278389844,1876.429200493149,1873.8455342126726,1851.5028833313897,1870.6175385453869,1875.7439052726702,1902.7838497405476,1912.9348584600364,1919.4022864071367,1871.8873305453708,1866.896366759971,1865.0121778477405,1875.9726217849682,1876.406856666541,1869.109479639173
MAHARASHTRA,1852.7252695331933,1866.1118159430002,1874.706433296474,1869.780263846065,1895.9403866037055,1880.7514964053562,1884.0302143230697,1899.7714357271132,1874.5115557557717,1855.4087962585322,1871.361801034357,1875.0926120333513,1852.7005390185348,1864.0269429893062,1873.854099326987,1895.9238938893932,1881.150424920286,1884.4494734408884,1891.9685663847822,1872.3344166054235,1852.2357636391987,1874.5561417535412,1875.6702178016353,1851.777085292181,1868.1284546360976,1874.468048090017,1873.2267495382985,1895.769167728511,1878.704941462449,1881.019776377463,1889.3100916783123,1870.7113414778084,1850.7728628976672,1874.2576541848637,1875.735727627836,1851.9095120011168,1866.114025942231,1875.5637263257402,1885.7614403780349,1899.5734650066147,1882.0784260384135,1883.0296500634367,1896.097641568896,1870.594828498857,1852.6239530528069,1874.6339522761018,1875.8765197733806,1852.0707794119216,1866.1802337900506,1874.3593752705701,1880.0351043660585,1895.939719259356,1879.1137644285084,1894.0407391403407,1888.0608975722314,1875.0179149938017,1852.393897395911,1875.1387645040147,1875.494301463637,1850.8716750336707,1868.2741889941017,1877.7619257167487,1878.275739041198,1890.9944428679964,1881.2619705156549,1883.696998640386,1893.8501167660809,1869.2041947395003,1856.238230122299,1873.853273842666,1877.6283712034156,1851.0362493759271,1863.6955846235514,1875.1579923692375,1869.598739861108,1891.7401586972005,1879.3011159957039,1891.7012912830794,1895.9776388754954,1870.1671144487975,1850.3409536769973,1874.4199613253513,1875.6842740351797,1852.3443761394935,1866.6877371298397,1874.0622460471252,1876.320037217048,1901.631929519334,1880.6401892228682,1884.1764422066037,1892.2467927651062,1870.1152165112785,1851.5483900645797,1875.4946779842041,1875.7724397580625,1850.2191277759896,1868.9359877737256,1874.9101573844575,1873.985053582623,1899.6573103254761,1881.0972358588904,1881.8164121177545,1895.1414731795946,1871.2188616866447,1851.202702848102,1874.5412625945526,1876.270318661048,1853.2268490535944,1866.841562066036,1872.7835001885448,1872.2245722253117,1903.9688282526554,1883.2022974902673,1885.2286948059257,1893.2554594772535,1873.2220738121705,1853.862487713031,1874.3388463668157,1876.992655934462,1874.9644331134264
HIMACHAL PRADESH,1869.282350924411,1850.7721673884118,1855.9882571796777,1871.7111586290093,1962.9049998295661,1907.217241905363,1907.3869640146156,1871.8408341250315,1850.735444019232,1871.8251799753464,1874.045592528544,1872.8436870463281,1868.5403818161428,1851.233573762328,1869.505759417754,1915.5598633160698,1905.5068815007114,1907.5843847351155,1869.4219110896538,1860.0505317433574,1871.681885854284,1872.7832811119497,1872.1752518302858,1872.1022908359355,1850.464510720168,1853.8771131831588,1865.8608486792139,1940.7746488521036,1912.3520955506099,1913.090568849422,1877.6675203547875,1852.6957931499526,1873.0513355894589,1874.2927484942084,1872.9461740243569,1870.1636028678085,1849.9241005646702,1854.6863713302175,1871.7840368944846,1943.5929234701941,1907.8732932530554,1905.397156918453,1870.8991848705446,1853.2047585451792,1873.1921238629068,1873.0861904126887,1872.7994235384533,1869.426682635172,1856.6934578867033,1856.6344030787043,1865.8132204422589,1919.7319966673367,1913.6295950660735,1914.1205665856912,1867.6484788537107,1862.3839399229666,1872.4088748119466,1873.4182357283973,1872.0566906998192,1868.7100336034462,1853.154672759667,1860.7924208533477,1873.5872931056883,1932.971335719538,1914.0210596910192,1909.3602320071175,1866.0222746812206,1851.1434605890374,1873.6047981784004,1871.6899849405854,1872.0982200550136,1868.284007206349,1861.3149364458707,1855.053690814956,1869.1029693505718,1962.607938141745,1915.189265044932,1907.3798883661195,1870.1333995837795,1849.7694497740165,1872.7156885545173,1871.141596420261,1871.9054233942115,1869.3760463438023,1853.8547993421516,1856.9157903221185,1870.255316278227,1923.756057670166,1912.7458535253907,1909.0727886944426,1870.4902164597818,1853.472802615877,1864.2629222384487,1873.5618998152077,1872.8543243558604,1871.0192978778186,1849.4876589268317,1854.96307630908,1874.2642243500877,1954.5117024611573,1902.9921770700778,1901.3460023370299,1877.9937729891335,1854.6178840828977,1872.5959632802048,1873.690095348197,1872.3451143051425,1869.637515736252,1851.4112454911658,1855.2020822107233,1872.7084352549884,1937.5058882344401,1919.0708107158273,1907.431753278377,1866.14826484768,1853.499738253843,1871.6989665250414,1873.6933733754768,1871.4727771932558,1855.4955521503387
LADAKH,1870.6092031500411,1860.016366546638,,1857.1431557708038,1935.9025381124106,1914.289008780207,1906.652402745323,1868.0284465647333,1853.1789012234804,1872.7311303245178,1871.7769139223494,1870.8586317790605,1870.5398231356176,1859.1189637533266,1862.2573722312623,1893.4655633861407,1913.6000498725843,1909.1966294629576,1863.4195637131174,1854.5450021341544,1872.2309990915337,1871.5483987586383,1870.7490367860441,1870.6200166721933,1856.0160960917156,1852.0138203499641,1857.828131052529,1901.3771686796113,1916.395805995664,1924.9394813321744,1865.3505826330916,1853.0989193405003,1872.8547743743939,1872.1253045361727,1871.4760999193386,1870.2192194247073,1857.744182730997,1850.3739009621213,1857.1779826046507,1914.2327874437296,1915.774590322109,1913.018843233757,1862.0538849110471,1857.6575207985088,1872.700065573401,1871.6221461749592,1870.9170182257346,1870.6089536164513,1865.5716713484412,1851.5347092933923,1864.069315220047,1910.0707115039086,1912.9397929547258,1895.4640786216262,1862.0749747068921,1854.97646456056,1871.031477215651,1871.4121419864875,1871.0770215128132,1870.4842452498356,1863.017174442598,1851.2966732651453,1859.183741246367,1915.2938317573698,1916.8325497049696,1909.4981694137368,1866.7409891735915,1852.5032033795287,1871.6868005247884,1871.79107688197,1871.0318588025452,1870.4864975734752,1865.9918924950855,1851.6723296165978,1861.054105261584,1941.5948249075861,1914.0685574906017,1903.3469574266423,1869.393592515548,1855.0242096472412,1873.0318115318696,1871.5294298641566,1870.6940281939028,1870.606375152586,1863.9240618860154,1853.4761242280888,1856.6551311540486,1894.2926258975522,1915.1441001517921,1910.3184871678516,1862.801181971256,1851.7703962425553,1873.0259779873388,1871.8760826914177,1871.2229518387662,1870.5962032806037,1854.8140330305114,1850.0943798355916,1859.454562596071,1904.5248183993535,1911.929531201367,1926.2102063859973,1864.079294386262,1854.5448295234405,1872.0643201325993,1871.557906448722,1871.1598839955886,1870.3650461659377,1858.0070006329984,1850.3402375744295,1860.1700753610114,1920.1015158212226,1910.3533974841982,1911.6038495600365,1870.0478034710482,1859.291408216564,1871.5242238673231,1871.7914348496047,1871.3927346238183,1853.2235319700924
KARNATAKA,1851.1408035153138,1874.0870971057152,1874.2240900333131,1878.1711313121534,1884.1959892141347,1870.1769694106038,1870.6163309307099,1878.4831662409404,1869.342337164436,1866.600898957486,1853.1375390338133,1855.8107437861693,1852.20376120835,1874.4051009440832,1869.5931582033036,1884.9278071335111,1871.1989471808256,1870.454876154107,1878.3931270536991,1869.578767949389,1862.3595656528234,1854.1214622679383,1855.693025384548,1853.4561266947128,1872.6302208305888,1873.5116621362404,1872.8074489041414,1883.8444525189093,1871.2295418505887,1869.9956283027066,1875.5242302085292,1870.710460894777,1865.5254810560048,1854.1001020479043,1855.1603807932077,1851.7843531528472,1870.0115940808791,1874.5793115436625,1875.592585278701,1888.2157099211936,1870.404686013773,1871.6483696655991,1876.022017037348,1870.0926025864683,1860.9650448265907,1853.5599970564815,1855.8004142753684,1852.262498717787,1873.5188398966386,1874.8618843080833,1872.3822081156677,1884.528713546236,1872.7650595472044,1868.9724517819318,1874.39767012113,1870.4395761968053,1862.5068094938574,1853.4492579520238,1854.8292022456474,1852.576363962405,1875.0462621303552,1873.3249821781226,1874.9974427743136,1886.6916657493643,1870.3345439150103,1869.4578011312483,1880.476509221169,1866.336341492534,1866.5490901989806,1852.598952538989,1854.9940377492921,1851.7422693448934,1875.0997095438397,1874.7876350688339,1875.9452400281139,1888.0446312167112,1870.6456143311066,1870.2812163968347,1871.9391381207702,1880.6032975584485,1865.8405251648353,1853.626018662162,1856.1594441350965,1852.9360650388978,1874.1848470893005,1873.2012233012056,1869.7345509054094,1884.1886010788744,1870.2505332371964,1868.647882937357,1881.9227588275241,1869.9586485995635,1861.4100380286475,1853.0204988922803,1855.6367917527014,1853.1793840632758,1875.3466967784775,1874.2984253549664,1875.030879942098,1883.4096290663742,1871.4436149973037,1871.1278106099192,1885.3383512245698,1873.2667079429166,1866.5161856570487,1853.625448158174,1854.898134678157,1851.5971542087414,1874.8087227572119,1873.4939308616058,1876.2904560205275,1886.659495799821,1869.5542681368165,1868.8094328631314,1873.8258557229578,1869.0687490729074,1866.639569339016,1854.3972652433768,1855.6162641753056,1873.7385944887835
GUJARAT,1864.9532284804648,1856.7212017940797,1874.3995949444889,1873.0833450025275,1907.4123599428567,1890.6377650694596,1889.3182384664196,1881.909436537566,1874.8813536818861,1851.4189296910208,1876.395295238164,1875.9279103125134,1855.0883648296199,1854.0505068623195,1870.7593526878316,1906.1244507401964,1888.2338608044852,1886.267714904665,1877.9956187084006,1873.966801710589,1851.179468547892,1876.2603510896815,1875.8764169974925,1859.437434440346,1856.909488633963,1875.6469042916494,1873.716667166447,1909.088217248366,1889.7353669945173,1899.8565466094713,1891.1518232696994,1874.4217221636782,1854.0254993227827,1875.817252616106,1875.834462668328,1856.8048746196685,1861.4313122166793,1875.112963619512,1883.5254716961124,1908.3217565203392,1887.3893769833116,1890.7672999707547,1896.841048821195,1874.9340515329113,1852.9396422797718,1875.7808127347346,1877.936423332632,1865.8472511453876,1857.053610505215,1874.5246425559076,1879.2947438926103,1902.309224995178,1886.8569940462826,1895.2688611120302,1889.515234740787,1874.504563981351,1852.4769321109404,1875.774654372497,1875.4283098151852,1865.2638266650154,1855.7192012026355,1872.9035391321688,1877.0804012543601,1901.5992585232136,1890.6683925170364,1894.2810150954394,1881.7082998084363,1869.1014873120578,1852.7745589271378,1876.0310534444197,1878.6891685798298,1860.926665950058,1856.0355065177362,1867.85060067075,1873.843669741391,1902.838790503967,1888.1263054102276,1898.6178557898672,1899.1794459420792,1871.6061357881076,1856.0811445458319,1876.0026351998108,1875.995961906681,1854.747402373083,1854.200462046208,1875.5157503307234,1875.549908311514,1922.0073110643093,1887.3387038059254,1889.014845327082,1889.9549293105842,1869.3393806698407,1851.4026296506215,1875.9739539235327,1877.02764027369,1859.5936685102436,1857.3339447786725,1874.4855937762009,1880.7017224302285,1908.1896274626818,1890.8829248062862,1902.0945119588093,1895.1332423986664,1874.5064123020911,1856.4694040395916,1875.7652233117897,1876.3390627179554,1854.450838364664,1861.9544453005321,1874.2745231070526,1872.9897895151285,1907.397527162999,1890.7847026077536,1890.4603267415553,1875.3672938344414,1873.3599176612076,1852.8307969682078,1875.517564186845,1876.4941943438014,1873.9522643759171
ODISHA,1854.1079949000343,1864.9521963004113,1872.9326675134193,1870.2528938136224,1907.3224813531433,1879.5533469370182,1886.6828768870066,1889.276723637089,1873.724563223824,1850.3196117729199,1874.5810785548567,1878.2991102262783,1853.5095803417285,1864.0604952249448,1871.2967608792674,1910.2453414454815,1881.4771452276282,1886.3020640281547,1885.155442335219,1866.4113610261923,1850.1979217212886,1872.462402058327,1878.6666074057462,1853.1536528801562,1864.106782368504,1875.0822489559475,1870.7818558375932,1913.1932621579792,1879.5630660711943,1892.3639409467237,1881.9604390688032,1870.3628951484084,1849.319451031689,1876.118629842467,1878.3569710362854,1851.5417590909055,1867.8544125164926,1873.3830314489342,1873.6352826823347,1906.0352709166018,1882.8946684401458,1887.2134852868683,1898.4441450176098,1868.9657448422615,1851.7639499044242,1876.9090916833304,1877.4206185037276,1852.3946985882026,1858.1545106610617,1874.500086105974,1871.6992387615617,1914.142132106388,1882.4254993397917,1891.6240145670686,1883.548786715171,1871.3889238347197,1851.4914737194922,1875.993731024397,1879.1332375189158,1854.040264839266,1863.5512396452639,1874.9583462746627,1872.2487991663954,1911.5053297353436,1880.9375279733956,1892.077174631443,1898.3187832295368,1873.0040906136621,1851.5453607569304,1877.3056760289442,1878.2842471471033,1852.0486154792686,1869.19600020799,1873.2337125726222,1867.9778730103806,1909.5769034868165,1878.049202104575,1887.5513472605276,1911.7051277829137,1868.4611492890513,1852.17122493638,1878.1662933891203,1878.0411608255663,1855.0644012397938,1864.3083394859154,1874.0700632281714,1870.6967827413537,1906.3520753759572,1885.7871281420441,1885.024960108351,1886.6843514108361,1869.2295290514978,1851.0523152015212,1878.2107230973531,1878.3723292943098,1853.058274981202,1864.8434034166494,1875.0635329410693,1872.382389868711,1913.5178391709255,1883.3093171988514,1883.3801562598483,1879.7839220161345,1870.1950907893063,1849.963676342323,1876.154168953181,1878.4774825203388,1850.6342932191108,1863.3242264267685,1871.9878888572673,1870.8821608456096,1910.256869902589,1882.0795704636257,1888.3323921142094,1878.1691986534902,1870.2412535343485,1852.3905463152207,1876.0564320743858,1878.8787734968932,1874.9775723010941
MADHYA PRADESH,1867.615642686715,1853.7741194024022,1875.441759640128,1872.953574996119,1905.3561382202731,1894.1819533919636,1901.6832773187405,1876.4237919923123,1874.9981870990305,1855.0610270625914,1875.8037157638025,1876.998383699098,1862.9332419836169,1853.568760603487,1875.1654954863845,1902.073212619153,1894.0669718397232,1901.3941574478267,1872.522303230247,1872.5669190661333,1859.3976613906489,1876.1350188022773,1877.0989953428261,1865.7070259095594,1854.719047299715,1872.343756139577,1875.98763640783,1901.2327263738694,1895.4212912522448,1900.2767873933342,1878.434925935063,1872.0226028037682,1860.3911285436411,1875.9894989148602,1876.931140238127,1865.20107810604,1852.7630408768998,1874.8141879251266,1884.6250366339577,1903.9592500081485,1893.6268889159974,1901.8671822300855,1880.8312861685117,1874.1942298237404,1858.8992090363927,1875.922916506143,1877.564496336354,1867.0087221903377,1854.9305896742978,1874.0028812081039,1881.9870908678665,1905.1564167547172,1893.8610864577352,1899.6397087470543,1897.4532704860567,1874.6342274674867,1858.7583792549449,1875.7583816955641,1878.0578372422626,1865.52655495994,1855.2547037467123,1873.8360335800248,1882.5496039973273,1899.7488095790347,1897.4988389391815,1903.1246160497792,1883.419329917064,1870.999957961018,1856.9286288185529,1876.2628590042927,1878.7512165032053,1866.1867965759677,1852.9734827440573,1874.6850311053408,1870.459447288778,1899.859714215835,1892.401750154087,1916.1716065890137,1894.9775959191588,1873.6464068501787,1856.8024462008786,1876.453818679272,1876.7412316911723,1866.1952758793707,1854.4797470202586,1874.217548093926,1883.425422619438,1906.8096257765076,1892.0571431965082,1900.780826507179,1880.4091062150897,1874.1184500844122,1861.3321156628028,1876.0988872606356,1879.0116496977219,1858.7970798729132,1854.3598456694683,1874.2996838653974,1881.2807592941333,1906.364237156133,1896.382957007125,1900.434682504511,1897.0839528521165,1870.681566676681,1855.9521148067656,1876.1586945538477,1878.3178291916122,1871.059851461279,1853.2130478182494,1873.251806392475,1871.8827816477997,1904.495265426073,1898.5090449162926,1909.010018944147,1894.53428829093,1872.8205150230642,1859.4293298098028,1875.167216547675,1877.2786070802313,1874.2600268239817
LAKSHADWEEP,1867.4030108958616,1878.7878286820508,1872.845661759804,1867.3160113363106,1866.8406902547626,1871.9913544108122,1870.7146352308118,1880.719514893549,1867.5859597687756,1873.212087041232,1851.1492897942778,1849.9675442038717,1857.7848830293015,1875.4574084533083,1869.1553117452747,1865.3451386539957,1873.1592241621483,1876.2496452304704,1867.5837808225756,1904.2885106184197,1875.873563162443,1849.4117057632195,1849.488023613866,1857.8195507967666,1875.9685352606916,1873.4896994420003,1867.5691128840765,1861.1388600337848,1873.2162301764308,1869.7792082722453,1865.8909330245667,1909.88135733541,1873.5463759895692,1854.158375302472,1849.5006086420346,1857.3830405686704,1876.1214874075865,1876.9098141827576,1878.6494169916784,1873.655828727858,1872.2142153641876,1873.3703693405087,1873.7376728740517,1876.0235782735497,1875.8668139667661,1850.259366136126,1850.230489104617,1862.2958185044774,1877.0262303342904,1878.496524920026,1876.3520507986693,1872.8001075521422,1850.8344951517772,1876.5954254386274,1870.5660902692698,1870.5566141772158,1873.3818256809695,1850.5174687662654,1850.8441902497116,1861.6619798370857,1876.133555405586,1876.2873027959188,1864.746124706689,1871.7180031839596,1876.7773621177116,1871.9982409246422,1866.3042220758427,1879.7425415145633,1875.3659798121191,1853.1740860900588,1850.4878037497535,1870.7905639604974,1876.7179423638988,1876.0936705958027,1864.6436885711441,1864.175479771879,1868.257843526137,1876.7869844463503,1874.255403603693,1868.7420368503206,1870.6429312240812,,1850.1487450843624,1857.9023997060349,1876.3873615193972,1876.2764986002844,1872.2612586450746,1880.075303614393,1870.1883272645282,1870.021596555962,1868.4613898162306,1901.28031253111,1869.45148456662,1853.092464644613,1849.542359135128,1857.354317843556,1875.6340717682447,1876.0114654334625,1878.222472562079,1879.833967623251,1860.3472410911272,1878.733001148464,1869.605469843926,1914.6072357909088,1868.75178716768,1850.5064955367639,1849.9175209555474,1855.1767649677392,1872.5459925543944,1875.6600965276061,,1874.5560100199857,1872.779430145262,1874.7365161332082,1874.8793694151273,1871.7934274533136,1878.3094632817674,1852.561455558838,1851.0114405567103,1876.1282121486447
CHHATTISGARH,1858.9016945930277,1862.3365304320555,1871.152965182294,1870.2156475073832,1915.0885471256374,1888.1858284504838,1887.3004881254888,1876.6714451880139,1874.5845968727463,1856.4039368234892,1877.5424043705266,1874.504314791733,1854.7418460106296,1864.5254037018901,1871.9471475431092,1906.8703154641958,1889.0083603721362,1890.9055886272122,1889.1597410625734,1872.6098317553294,1853.395612547109,1875.7042645428887,1877.343721475551,1861.73962984512,1856.0240433481142,1872.8475841828588,1875.7077476279126,1904.898731067136,1885.934877190101,1903.4444052609174,1895.9862611386895,1873.1975854662574,1850.474414959305,1876.4500948564203,1877.595751979092,1858.1546331830616,1859.414004101915,1874.030707983342,1874.5316800283158,1905.2577401168164,1887.5488587345656,1890.10884433805,1894.1661686392115,1869.8144325183505,1855.1187521014278,1877.116350211497,1877.9021981153298,1855.0260650514153,1861.2648033979924,1873.7589575192221,1869.2476378492472,1908.2788277474097,1883.2611087453556,1884.5578444856146,1887.869322562737,1866.8666532976456,1850.9136995488861,1875.7659112923277,1879.21194094358,1859.745159160033,1860.8535701669357,1873.6754137851583,1870.9353363555786,1910.1296510713569,1885.8348100041828,1891.4782523574906,1881.0498340201843,1871.9602346478084,1856.980816659568,1876.3150714668457,1879.26907797427,1857.2163647257282,1863.4878663807576,1875.0644108595104,1871.9219536154524,1914.7989361687219,1882.0304519257202,1892.2732051753737,1875.2004819992364,1867.8642194819533,1853.456282324594,1878.3481823708353,1876.9992848608922,1853.8237760840007,1864.8358092065941,1872.2817045854172,1873.9028771017552,1911.0792652192247,1886.3117759092827,1889.8765233749998,1874.1793563359045,1872.9685211192834,1852.150272628081,1877.0749690987907,1878.959565333123,1860.5716328975136,1856.9727541780674,1874.4850258698036,1873.3917147159505,1913.1257591360402,1883.7611547832573,1890.565898895513,1898.0468481621917,1871.8786802982195,1851.2070901137233,1877.0877621367267,1877.4580798472234,1856.981467914408,1860.012246193494,1869.0158720239792,1868.948457466738,1909.2025477607003,1886.3721237171032,1896.1740547653328,1882.5428623163004,1873.550795090648,1852.9704545501756,1876.7465862636652,1876.1858205874544,1874.4230167775195
ARUNACHAL PRADESH,1874.0371100162222,1849.3865157746102,1870.3140030526336,1866.5074134159224,1909.1570489989233,1920.6058910028753,1923.9449849887685,1886.5500995581635,1875.2522373469249,1875.543829612488,1875.1244022528515,1874.286856344662,1874.1716700274178,1851.2227679532205,1869.6202250610856,1907.6023848491866,1922.0577120006208,1919.9525929298707,1882.7717754888822,1861.4737122065847,1876.5552271353997,1874.9281279813545,1874.0471145509346,1873.2031168963526,1849.7145544813036,1868.105969729858,1869.5722767492396,1908.4874411491148,1919.9540240984854,1918.3566125764705,1873.5095742656924,1861.531560459564,1875.799569317438,1875.8147719080816,1874.1872595301684,1873.549566584116,1851.4086428837822,1865.8935086414006,1871.5803749500012,1913.6079922426352,1923.370015246918,1921.9389104054687,1871.6639220680606,1863.5197168787986,1876.8637622998167,1875.337089502494,1873.4111303199015,1872.538716341419,1851.638754819457,1861.230615523264,1884.6637125950415,1912.2669359956392,1916.2721632314874,1922.682432714133,1872.445998429244,1859.132257057777,1874.132124485022,1873.2768456864349,1874.0237200027414,1873.6527250965557,1849.161272333228,1866.681206605428,1871.0810562521322,1908.945493454896,1918.509474216366,1922.9189812932966,1870.233477479249,1864.5470606070403,1866.6866751266975,1874.855383966963,1873.423783299305,1872.6611925417433,1850.6737728536941,1870.9419258242947,1866.781078713417,1907.859795597692,1915.2746870492779,1916.083240512048,1871.254507211538,1871.845014049946,1874.9548667936488,1874.1924091958124,1873.9024249857512,1873.0496297872392,1851.7515586895909,1864.6898394693496,1870.4096759824706,1913.9867215760532,1921.1181102456283,1922.674105083203,1883.2975181333877,1859.3544958907958,1871.517466365055,1875.1631332601914,1874.2244024944002,1873.4795778099858,1850.085320355898,1870.8047284905113,1870.1236767728233,1913.120722092094,1915.1527971370986,1921.6942344343042,1870.4161909510065,1866.3642838017754,1873.567332861744,1875.856864401773,1873.712063756901,1873.4594169158397,1851.0136559510775,1867.2437509142571,1869.8894323431502,1914.2005488391978,1916.6838550885047,1925.4477971796675,1872.9846056995975,1865.421485229533,1874.9731499471907,1875.4984626208136,1873.7635308127665,1867.0347043672616
JAMMU AND KASHMIR,1871.4700249908117,1850.4285731682708,1851.114202373261,1867.4954751145146,1914.105778530959,1901.892109678667,1923.034261690072,1866.4555636035452,1852.0536873216756,1875.1342399871094,1874.5940823019512,1873.212696730264,1872.4871516965718,1860.274868251084,1874.5741280812467,1889.2458709967627,1903.8807213933603,1908.8705167721114,1868.6864838058034,1854.7921350826211,1875.1772634681438,1873.369683730165,1873.6470816970195,1872.2432040271008,1868.8702404366236,1854.0336102385754,1871.7675597317727,1919.1450377344918,1910.6151563810847,1904.865769413023,1872.2861060215123,1851.0449823927804,1876.326479637563,1875.8739249759715,1873.8684305281536,1871.05300798799,1867.1136147438788,1854.198735712264,1871.1479531137297,1930.1579666085422,1900.089777743379,1898.4740552721826,1867.9711490970003,1850.773590337097,1876.2568523655355,1874.9750780596066,1872.2835955446412,1872.3229263401838,1861.9501836057734,1854.95182017438,1872.63695812761,1946.5779410021325,1907.7635374010376,1895.8152462410733,1870.833799553764,1853.1318979104701,1875.3809910577043,1874.4006995208579,1871.5066286259487,1871.266930646935,1852.6968126721708,1854.792524705036,1871.6582552434606,1886.7124640010454,1908.8540513178737,1914.2484962130195,1870.701536035315,1851.0291288833148,1875.9038142119293,1872.2795621299156,1873.3624330218033,1871.9763621358045,1852.3788312473025,1851.0868835737533,1863.842383256368,1913.9651339942307,1904.4741714897373,1921.976401214409,1864.8268542906385,1852.8447232852918,1876.6295889028002,1871.7089321218966,1872.07285867406,1872.2771872819576,1869.8261564885502,1851.6721810857157,1861.8256449918051,1905.3281657596865,1900.0933749794626,1912.6619213491726,1861.040847965022,1852.3468357631639,1876.2463369617083,1874.1738092335465,1873.666030275009,1871.7738572883509,1869.0574977743722,1853.523692636405,1869.0121668324869,1923.80891264923,1903.1263310101326,1897.6457266187779,1872.6884989903106,1855.8735655274352,1875.2891664058989,1873.033203523246,1873.2536470850828,1871.1652763701331,1867.7967386787236,1854.135546291478,1864.915287585403,1934.104775588985,1902.7405063031006,1899.5306271111858,1872.85713439643,1850.9433321900058,1876.0700977364152,1873.142173647749,1871.9674202424994,1854.8961021630907
UTTARAKHAND,1872.694627543216,1850.206773001042,1856.4953351168404,1870.6749225034832,1903.488422609828,1921.087257917303,1915.612225836608,1870.2898448070084,1861.2411706846838,1876.4763272340315,1874.5596239811073,1873.9202459538428,1871.6594707162963,1850.3544358169459,1872.125198463635,1942.4319600079546,1918.2451636303813,1917.887009676416,1874.1512146379735,1858.3786276240503,1874.8070927125868,1875.7910061659802,1873.2356396965272,1871.7106568710672,1850.1132782945506,1857.2211493286263,1870.9714816115015,1930.0807562125665,1919.582344951963,1917.6440048694656,1873.4877250998431,1852.7937009682016,1875.5030839227406,1875.7952886422709,1874.3035571098876,1871.3087374160555,1852.4158118323799,1862.0659085158368,1872.672071398622,1942.7318315475322,1919.8359564711604,1915.2231278032543,1870.4017154853425,1872.826881082966,1875.8092575351434,1875.1502454684733,1873.9211488177014,1870.0500466832125,1850.5288302539584,1853.5707332021686,1866.8539777571873,1944.536543819485,1918.838495068318,1918.767128516437,1872.485504560922,1858.1074247717452,1875.4212064295314,1873.431353853785,1873.3183137496403,1870.9117102821217,1849.108919267801,1853.4241725757358,1872.1938332043314,1929.3875188246582,1913.3322071542523,1918.0435667339016,1880.785131722286,1855.3896811429017,1875.7195725580177,1874.7366673250096,1873.7699089049515,1871.2362053728361,1849.3750119297654,1857.461926246924,1873.149109526432,1902.0920619329793,1920.753210187488,1914.5712904692728,1873.313693168588,1862.391597169356,1875.66582499682,1874.050240011875,1874.4397582801007,1871.8045895785306,1850.2837543446917,1863.8196853321301,1871.5732119517122,1948.3610617162242,1918.3709694327435,1916.4408675359082,1870.5285414176356,1855.786812882066,1870.6647620153221,1874.3291423637918,1871.1042871184413,1871.8079917781417,1849.8341128346574,1861.7553112448527,1873.9615036030884,1932.269859770177,1913.9668399479042,1914.267248388567,1872.2251814293825,1851.5112101798418,1875.3540748616267,1872.8067877615686,1873.6620733070522,,,,,,,,,,,,,1861.7717169403566
ANDAMAN & NICOBAR,1859.614067275832,1875.3405892193623,1875.3432463862725,1871.7703173611378,1875.7607485752776,1871.531841076075,1872.3314235205678,1873.1434199057742,1892.6011306554083,1873.3985567230359,1853.6874819588595,1852.043595640693,1860.5830017006108,1875.3229761505515,1876.28594113029,1875.227987842888,1874.0526981656594,1870.9827191814277,1868.768132816838,1874.2217376805245,1875.9120540323204,1851.0964078919535,1851.7313962427877,1859.5471906811563,1874.2637793138067,1875.502863224927,1887.648491730614,1881.512894598957,1872.5301603971805,1870.0794229431297,1874.6008311107116,1876.6565920712692,1871.899180220863,1851.8494865598452,1850.5479526776626,1862.5063461346842,1874.8449593052128,1876.2887371342488,1866.0528221076127,1877.7679709898184,1869.3080328524295,1868.5790218074198,1868.1506299936425,1891.220538472199,1869.942263447443,1851.9328993016904,1850.8574256738632,1866.3639934452785,1874.9301200311154,1876.5359855790769,1866.3653531006669,1872.7674192080121,1868.5686652723919,1871.8375967772292,1874.2758075750007,1869.0291904840649,1872.6304279616586,1851.8098824118845,1851.3981946821775,1859.4786623447653,1876.1075987308175,1875.7596340194498,1869.922664035298,1873.1930561342176,1871.7946843094262,1870.7991765606441,1868.2946629441421,1877.1854044911531,1874.951801667153,1852.5687098485496,1851.165699830696,1860.9177076363112,1875.0742128659006,1875.3342364996886,1869.316463278801,1874.2647896980718,1869.7189044694057,1870.1250634020419,1869.3827793444264,1899.6331493018042,1863.2244005918212,1852.0426683457572,1851.247899978585,1867.1189429552653,1875.3853537106922,1874.8936071170974,1889.4881293631167,1870.9720539058198,1867.4935524889818,1870.112741039966,1870.7201501470392,1872.27031347161,1875.6507155131758,1852.0300170468354,1851.3480398855543,1860.1802571356832,1874.9791718805527,1874.993063236054,1885.9815546919497,1885.0243919014356,1868.27744203643,1866.5485012632328,1866.908072664489,1872.0975484692517,1872.6964110550414,1850.8019791859517,1852.4235234664027,1861.5488928793836,1874.8108795346673,1874.8700373452912,1866.3295472382422,1874.8417268501826,1867.7801051459849,1871.2803592159398,1870.3680579531367,1874.6127901742084,1869.6525771282988,1859.7283745134976,1852.1417676349272,1874.9700136406764
ASSAM,1876.6544699976914,1850.4310642186977,1875.276341532828,1872.0218380099343,1915.7190698487793,1919.0210432995416,1920.7158355535719,1882.5257150046996,1871.2213159637663,1871.6800011368189,1878.8223215543562,1877.283446990745,1875.3449072694038,1851.5654534877567,1869.9597982979276,1911.5361425404085,1918.6381378209946,1919.754135261589,1874.3682170181332,1867.221591759831,1870.937362489218,1879.0086103194553,1875.986931038099,1876.0029621468534,1851.2275892161533,1872.4569408966777,1869.67917329326,1915.1648948504119,1916.7548260102915,1917.631125935234,1872.9487471056837,1866.6756994719576,1870.2526345540866,1879.0156856637518,1877.9764281218818,1877.9668836113917,1851.1027979711455,1874.0310324306208,1873.0233816776388,1915.6546920131457,1917.9574579789016,1923.273082779045,1870.4583645866612,1870.9803331647493,1873.8489505040473,1879.1350701076778,1877.8668859701788,1875.077805017636,1850.9033671477466,1871.385003807929,1877.2683806023608,1914.79913943081,1915.110511103426,1925.3681375027204,1868.03181554946,1864.8143828975096,1873.5575795618888,1878.1434078570264,1876.9955103187085,1872.9107196461703,1850.1392327382057,1874.1454667868913,1867.6364799895002,1914.5449762885612,1919.54958991389,1921.4643854043577,1868.040272825469,1869.2685181204092,1862.003924051105,1878.3325691873524,1875.276775338915,1869.427662270249,1851.0026572402155,1872.826704226048,1868.6412124578753,1907.6971114252979,1917.3112014582432,1914.7508153734027,1878.4284732077633,1869.9245865655096,1866.785854244522,1878.5457099537462,1877.3373603415503,1875.6517989003694,1851.9046891312807,1871.830749251363,1874.7108101233116,1914.2846876612007,1917.7882955693071,1916.3859437016072,1874.993323187828,1861.8522835292843,1862.7249025402439,1878.8898695948355,1877.3440688874293,1876.0340670013582,1851.3693777898739,1875.2674055278715,1867.907096391066,1916.5041104589725,1923.5319484257193,1920.9632689633058,1870.4061696798462,1862.7486963108222,1861.198065719586,1879.5254291683946,1879.3338399925888,1876.900861489402,1850.7354858591125,1872.7713468871607,1873.655979258104,1916.5642892165718,1916.3998205445998,1912.2713917862472,1883.494730242071,1871.6363180738342,1871.0322430227673,1878.5678018572269,1876.9577282809485,1869.8352579778148
WEST BENGAL,1872.5482271642231,1851.7390348337851,1876.6472880867198,1872.530119464555,1913.84935663927,1897.7871246473226,1918.1010713590842,1869.638255602699,1868.1691035590882,1858.9147691614887,1878.4723015969448,1879.4364668940673,1867.9883924340145,1852.5968353512421,1866.898977359778,1918.6471643516293,1901.5330439734987,1911.892858984813,1876.6490254344849,1868.5867765444716,1862.6898539507677,1876.6709597403546,1878.9360146490255,1865.5737132636684,1854.485969882367,1872.694901785807,1871.5661168950214,1918.9934028895052,1903.15641356958,1918.0090754968069,1888.339439487802,1870.9118693692847,1866.4622056926162,1876.110025959351,1877.3853921271711,1860.4788519772353,1857.204579354893,1874.1113472100533,1871.1954226956918,1915.0545381597026,1902.1096739081506,1906.4826475605373,1872.1924359861207,1863.951464068678,1854.2752605024764,1874.6496969400798,1879.6186687933093,1870.2355928319273,1853.6407072973611,1874.9970319625988,1872.973838282478,1917.9962671038127,1898.4242888086073,1903.2348483835362,1877.4981494847293,1869.1993882663921,1857.5152212415028,1877.4373736522618,1879.4377701166452,1869.5114816290798,1856.4804648528109,1870.7523953277,1872.2810938031982,1918.4663166060272,1897.6765388845256,1909.8083277824785,1882.1932385392186,1871.4194423255924,1857.482760347641,1877.8396479910878,1878.0384988040541,1873.9756116490828,1852.5585488460256,1873.1790818709899,1868.2112793046674,1918.8297540928618,1899.3199664288027,1918.6738948946722,1881.0746232044792,1866.5723068453342,1859.8558268334868,1877.7466844761327,1879.651335637401,1870.5961826731775,1852.7577262653685,1874.7670999787942,1871.7139082016763,1921.2196357835078,1900.454819770583,1909.5956114624328,1873.9636681076997,1870.2849513028655,1871.0974356883146,1877.2098491603892,1877.7504629418972,1864.3509156737225,1855.0710585670383,1875.031259336228,1875.530605837116,1917.7907472322865,1901.2753155568864,1908.3232082631534,1870.176547342638,1867.7112850648032,1867.5977757232351,1876.2405847144669,1879.1820480558795,,,,,,,,,,,,,1875.4462141650856
UTTAR PRADESH,1873.0327849169137,1850.14840734684,1871.9163194552002,1871.8554822947103,1914.0034952102897,1916.6154106680217,1925.0963387467566,1870.6706493473457,1868.6261729329722,1873.3166605277704,1875.9371396877673,1875.6398311031257,1869.3403218258563,1850.4087558221474,1877.6529383957588,1916.2126725320386,1915.5527105530437,1921.9220078598357,1877.4523590114288,1863.0899982217452,1868.689344676107,1875.7989078166847,1877.1326318050417,1874.955524498522,1850.0096060507394,1864.1648817179143,1871.4035747933149,1915.0166445041348,1919.5763095259501,1923.4693320193276,1873.0273251671017,1864.4632615342266,1869.9044987590523,1875.9969005904343,1877.1442927096919,1871.8600794669476,1850.0984027840518,1872.3336886240263,1874.1862521456862,1915.9057467013477,1916.1582201917502,1923.610108338596,1869.667281503065,1870.9228344275325,1872.6763486853515,1876.6848738484641,1878.0724868833618,1872.9370716575859,1851.3094893527596,1870.0540129103433,1870.8384034863218,1919.089858643303,1915.63341227669,1922.346627024995,1871.8400108807607,1864.362414041207,1869.859586579428,1876.0944212262236,1878.1649622266943,1874.5123142791676,1850.913081376219,1870.299064693781,1872.5242684980485,1914.0580686598953,1915.6929694392406,1924.6061677110845,1875.2629294897324,1870.226012782222,1866.8944279261148,1876.227524282156,1876.9694840033667,1873.3196346347277,1849.737114207986,1870.4684778549272,1869.404181092791,1915.0239040486274,1916.2935354201927,1923.9686433710351,1884.149197992454,1868.3555938555764,1873.5706732691178,1876.3092870580904,1878.1360241922919,1872.5239160259657,1850.3790867329826,1872.5294420204448,1872.8451169247305,1920.6878725024744,1914.7848094471249,1926.3954001676775,1872.6267088700956,1861.420810143619,1872.2129125278277,1876.5755798291063,1877.1197836044166,1866.9674309222726,1849.540533923197,1868.9636772573335,1874.0933469696613,1917.0313157657063,1916.6883803075546,1923.2857119773582,1874.4418915394058,1867.9034378265299,1870.3268737994533,1876.8145782791885,1878.1569134645265,1869.3832250988753,1850.3516132673308,1862.439270593386,1870.063842113391,1913.0473267355069,1928.7564826025457,1921.5965437721177,1894.7653083289422,1869.2586097541184,1873.6644802949215,1875.692282946292,1874.7351859225028,1874.453033677928
TELANGANA,1850.3910272358094,1872.8616130562873,1871.5550702931641,1884.7081186907014,1899.3264572217436,1874.4814474685377,1877.7146179877964,1898.9934322645959,1869.853785229313,1866.1077238189223,1872.5801137318365,1863.0655887234125,1851.0431013913085,1873.8958277837223,1884.2748436375175,1894.7847726147966,1882.5011688557975,1884.2050246248436,1885.8122751585408,1871.3637606333475,1852.6506730144636,1866.4342684578014,1872.2444687013358,1851.5829880325318,1865.9927242121885,1872.837849813746,1875.7420310059797,1894.0925299881756,1876.641815209135,1879.7079697057345,1886.0508491276019,1870.1374625591243,1859.9011865962452,1871.3897261084169,1873.0459232063204,1849.5129960193353,1870.3023802813602,1873.7599702973544,1874.2915159179393,1895.8128311972278,1878.0085662653823,1882.5604584552434,1889.9019422950953,1872.612855166688,1855.4713827641324,1870.6968066486795,1874.2683965314886,1850.509554745043,1872.0672728468974,1874.3118081465693,1871.400222156093,1894.4131051264953,1878.2762675007318,1881.588719869915,1882.2265750447402,1872.4302032638602,1860.821655388116,1866.9998186809014,1871.5868843154603,1849.901786933879,1873.1578127488033,1874.2909405485993,1873.1176077259502,1895.4881175668174,1876.2926580710568,1880.2365949970751,1905.3896942437107,1872.9995092874074,1855.3475349085365,1870.9326194660248,1875.1502038784004,1849.8688301107882,1873.5513814598794,1874.4806427684666,1879.7625023434648,1898.532424465699,1878.1569497847208,1887.1279572039373,1901.8672019405276,1870.2512882538426,1852.7615662103503,1866.130740292492,1872.715661493712,1851.8636764464638,1874.9574570329476,1874.8662554949676,1871.8861349505921,1895.209764403459,1878.8021693445069,1881.6768298863824,1893.9657512109927,1867.977924699489,1852.4250219678036,1868.401145780009,1871.4160940462202,1850.1494596153295,1868.6462454578489,1874.602686207839,1873.20396022131,1901.2296373168867,1876.4981915607016,1882.1610504696093,1892.5424868243263,1874.1451913535645,1855.6753578512992,1870.157778735168,1876.3656130091945,,,,,,,,,,,,,1873.9387284576062
JHARKHAND,1866.446109016934,1852.8664334166572,1872.0276170829902,1870.1777117991332,1903.8671118693994,1892.619990880563,1916.083022544859,1874.0875164313663,1872.5094963083864,1856.1801902352647,1877.5779818962476,1877.7624978865817,1875.3362426594042,1852.71752707027,1870.3846964840286,1918.6995363136866,1895.5576618417992,1923.2483674021594,1879.0663351410647,1873.2844907693204,1856.564269057,1878.0702378419353,1879.7345595389386,1870.2705746047359,1854.2769402858794,1874.3624867207448,1872.2022594812058,1915.7519893822655,1892.8900844558302,1911.0297418127295,1876.7017055171998,1873.6077516499674,1863.135008135728,1876.7441400412724,1878.2397531555152,1863.4152865231745,1854.473041664595,1871.565091745785,1875.091613990652,1906.2344716690052,1893.1175887083784,1899.9659802805195,1877.7905576970013,1870.7119210794456,1861.4767978706666,1876.128202212588,1879.2510602261339,1865.917973430085,1853.0312295880547,1871.1736600050056,1872.245930430742,1912.3630351131153,1893.129304379767,1902.985342952795,1874.1297815488772,1872.581977894808,1855.7939365154868,1876.8229972423026,1878.1710339384608,1868.597404968368,1854.0956984702188,1872.2972545737146,1873.973002141327,1913.3400054917668,1892.1381171412565,1905.7322240308906,1875.8884272491312,1873.1458392497261,1855.8131642074884,1877.2635042164827,1876.4224353680977,1865.6773911053067,1856.5540497170193,1875.065454169214,1869.0748107914285,1905.5763223968795,1890.6543501016251,1917.5161122877607,1892.6041352481413,1865.891117366655,1853.5899044576452,1877.720031970457,1878.6755545811654,1875.8648104325614,1853.1865161501266,1871.2824344126748,1869.8753804166918,1918.536264654488,1894.8657154005934,1921.6141946399305,1887.1065264874212,1867.78238909725,1860.2026994826492,1878.412261463264,1879.315543981007,1866.574073038868,1853.9007448409836,1871.8523357993663,1872.40683108361,1920.6626304380172,1894.9819198954335,1912.5091977670754,1872.1794644982417,1867.8769124374803,1864.0118208609692,1876.4258042086258,1878.497601052575,1863.722016143259,1852.749754370722,1869.347230968585,1872.951022428466,1911.604618973896,1892.7990263869772,1915.9753056287354,1871.2740474356615,1874.3091784075184,1852.1958109296381,1877.5915164861083,1879.3872138295635,1874.5525015383785
BIHAR,1871.2783273698335,1851.4781946268608,1875.1545320512394,1874.391497416006,1911.8685500473784,1908.098994561541,1925.1771578244807,1884.988372387296,1868.8387664898496,1869.972779296456,1877.3042541453278,1874.765436551392,1875.3777464755835,1851.594399601885,1871.982158867359,1919.4610000248715,1913.4240291487395,1923.7765179808853,1875.4181292704552,1870.9196156003168,1866.2318736617822,1877.9172423389666,1879.1020608418285,1877.281693960825,1851.6668865672136,1875.4488675804107,1872.7833478952464,1918.9218535324812,1915.871430485242,1923.596187759844,1887.2669187586955,1871.9124141853183,1869.5528859356687,1876.492324809133,1876.2387224981223,1873.5263259389073,1852.8170886834375,1874.7056069330306,1873.6251377501972,1917.8281077442025,1913.7574299249457,1920.969545685146,1872.1212358034165,1867.2602155071756,1872.865552578304,1876.0021771030667,1878.9213699235759,1870.534730505928,1850.9913278265203,1871.860661044587,1874.1262568210498,1916.845299499505,1914.7735071638483,1921.768864811214,1868.00395253269,1870.3602482282906,1864.3514144792878,1878.0669750698114,1879.8528306010446,1876.3694754348937,1851.7424760103677,1873.7610457721767,1869.9894078996363,1915.6278338016664,1912.5972198076886,1923.1004174076324,1877.0626919636275,1872.9486438828937,1865.1496811030295,1876.3876737518306,1876.3084874906529,1871.54431171305,1853.1346043020778,1874.5256700649436,1868.8595220080997,1908.3463403251958,1909.2271797128324,1921.971233537658,1872.8465998222516,1861.562497373943,1865.8781086661795,1877.889678118475,1877.9471358524986,1877.069465876861,1850.9563668208177,1874.2869553674307,1871.5604442348856,1916.2387482417078,1916.8906100821616,1925.5510455844371,1872.2245732926708,1866.538454644729,1869.4995311011314,1876.2742517551826,1879.2807761443844,1873.1810852025396,1850.947222278,1875.5747448624427,1873.9419928697262,1921.665986904012,1911.085763697498,1919.4948794292497,1868.6822973543415,1861.9002030685604,1870.983716165526,1876.4902876829751,1879.7494371655032,1871.8493856812156,1852.3577733657223,1869.3202054274022,1873.3130655683085,1914.9621170897533,1905.1919923213322,1923.5813708729552,1869.8565544414196,1865.9332081015525,1863.3558969168491,1877.4413090427518,1878.7427599095138,1875.6652344148147
TAMIL NADU,1858.8691675490488,1874.2669124906367,1873.4305539495083,1871.4418112692372,1870.2448284986585,1869.9706944780996,1871.8803011259165,1868.9717917410114,1871.521802641506,1867.3569313323717,1851.155865695046,1849.8139617305617,1861.9441601173673,1874.7419250877379,1868.5683483543166,1870.8783350082783,1870.2536494867875,1870.0114682022693,1869.111834771644,1870.2190917636265,1871.808267123548,1852.8581050052717,1850.2193916665785,1859.0680189530829,1873.9133561609751,1873.7773511895566,1868.8014407410114,1868.0086217018074,1867.5805775911624,1867.042623687918,1868.0444585540672,1868.0806360952442,1870.7420790240906,1851.300687196666,1849.4639641691645,1855.6919443532258,1872.0687119346576,1870.3357112272822,1868.3695847306312,1873.0415235656903,1866.7632566329792,1870.0336808942934,1867.7362018075357,1869.1297619825348,1869.9662773252394,1853.9589073639359,1849.517945185567,1863.1348478509362,1873.429637529705,1872.6165127728916,1868.226495435036,1872.3711573906942,1868.4456237388508,1870.202026623585,1869.4065473106637,1865.783131520559,1870.8421539032395,1853.0055266723234,1850.1137787737186,1856.8162065816955,1873.54280816705,1874.5683570294361,1869.042687831996,1871.4300746007152,1867.0418017412997,1867.5174361310305,1869.6984917954194,1874.249705858813,1869.391159362974,1851.0729727600756,1849.8065302562875,1859.0553534134685,1874.7782251562141,1874.4622863652278,1870.1187735054357,1871.235084154092,1867.9259076325384,1870.8479177027996,1868.8615648279958,1870.0129705940017,1867.2328589068088,1850.4130347008925,1849.9352074919177,1865.6101263522908,1874.113206237872,1873.3280755666449,1870.1887581270596,1871.7810958310315,1869.3639486492234,1868.8599464011147,1867.942532638454,1870.7063719918676,1871.2971458928994,1851.2452099961786,1849.5126716808227,1860.4690850977188,1870.755682431122,1874.9595282444695,1868.9902107584574,1871.796121282603,1870.6057123577295,1868.7673470893046,1869.0764049586044,1868.1296076950916,1865.5988929482269,1851.3601959897373,1849.227938977178,,,,,,,,,,,,,1873.7551693751411
MIZORAM,1862.0079829532456,1854.1637291495408,1874.6293509279467,1873.7811010184678,1921.195969312702,1894.3039007434008,1900.7834370397359,1869.4771396554083,1873.017123664864,1850.5643725856953,1879.567186255752,1875.4901659125499,1862.2045542120675,1861.7863163984816,1871.8909227319284,1915.6645764146351,1894.4011440008262,1905.6633568859397,1877.096413509372,1874.0833827659458,1850.399956897256,1878.3648759510113,1875.5452276784108,1876.1460300043332,1853.5173909312177,1873.0395312352452,1870.6613681359202,1918.8618937094614,1889.6255022529206,1917.7757772413124,1871.5368335216067,1871.6601845277123,1860.0824830004622,1877.659018313845,1877.1917083121348,1875.2212911847027,1853.5717360463357,1874.8754859217552,1869.5385570408312,1904.4233509860073,1891.1461702595457,1910.8317977402507,1879.9495984315106,1871.790205458105,1861.9783448307755,1879.3302427549493,1876.305316557265,1859.7521772700002,1852.5252952416413,1875.2396371083382,1874.8591541286946,1921.452854399224,1893.5102932369655,1898.3665266843263,1865.7183687712718,1871.5603698084365,1849.1720044863898,1877.3178538956686,1875.5126292209316,1850.7321672275848,1851.7003941996759,1872.6081823787006,1867.839436620905,1916.2410469907254,1892.5289799252193,1902.4621893425654,1888.9541254119943,1872.6036650491033,1848.466899956405,1877.6663932868828,1874.611945254936,1856.9419950458168,1857.1589105722605,1873.6283793179432,1870.5686233013103,1926.6771216179295,1888.0333477490358,1906.0627802652364,1873.8156746611778,1870.6715973221535,1852.5258630478518,1879.7318579437142,1876.0488463741228,1862.5947082195435,1860.5943773778758,1874.4249887498459,1875.828885488065,1919.197086648029,1888.5144544937075,1901.4746368075173,1871.5083162012497,1870.056072021365,1851.7262571081576,1875.5951845704794,1875.8344964754076,1876.0619863507695,1852.4588386507553,1874.9364904111821,1872.4702867783144,1906.6571976357611,1888.70214589491,1918.488056576173,1899.41429911783,1872.6124172064283,1849.6250120099394,1880.1558968696577,1879.1920570950774,1873.5711014214537,1853.0291007250007,1872.6594401196603,1872.470961213388,1920.7033956035991,1893.7707077097011,1907.185373275705,,1872.5502178464703,1864.41215284842,1878.0721574159575,1874.3727334159248,1873.8563267160764
KERALA,1863.8171690227355,1875.4675426450797,1870.2944239639705,1870.4321111525937,1868.3499354249768,1864.0731666438803,1863.092268009112,1876.0327494800922,1875.9960994449264,1871.935357983088,1852.129663180935,1850.8095728932337,1867.7548364762772,1876.0600766737073,1868.3424956056394,1868.0139326274218,1863.8161066330802,1872.2058572748015,1872.7735048842483,1870.6028973053894,1869.6610589154316,1851.0815296111507,1850.277871708229,1867.9198622613092,1874.2014178380075,1875.0479976187091,1869.963788301619,1865.8930628424125,1870.3428923280414,1863.8314537283889,1867.7651157744708,1869.0677270765523,1875.045289222635,1852.6290795352502,1851.0374646551354,1853.462777763077,1874.4751369433704,1874.965493329985,1871.3606136585406,1870.733751385942,1864.7824539533383,1868.296449772703,1867.0899600018618,1879.9440657553087,1864.1046108753417,1852.3174074828964,1850.1315710940908,1854.2773638731774,1875.392056951976,1869.5115704510174,1869.2148724157282,1874.147624938958,1872.5256053924193,1873.2988841514011,1867.230702512598,1872.343599587308,1867.4676644561423,1852.5410688448503,1849.8778025422478,1864.3207808691911,1872.0039522478132,1874.452495830761,1869.493193510883,1872.4245922817427,1868.913056661035,1864.6419706356457,1873.0494431680784,1875.1711218844687,1875.4747605900259,1851.6567099856559,1849.8219281729014,1865.6429873033092,1876.1671046139434,1875.6225085030171,1868.3664058001616,1868.7761621373538,1865.9704407579595,1867.0505447508533,1871.0204458889707,1874.5607338304742,1871.0497899482048,1850.8117815885703,1850.752515252081,1865.4538488448684,1875.4154834760905,1873.25222354524,1869.2886935549293,1867.3512503483685,1866.502052034505,1868.1948288636308,1871.4675658948759,1871.5293942794417,1867.6643279491907,1850.7279953546931,1851.0346559996544,1868.6302360472364,1875.969757589841,1875.2457180539436,1870.2602877356535,1868.3332386926838,1869.8650202496967,1869.1046191998594,1867.6741337159638,1882.177862007542,1875.3520437707587,1852.3805415584727,1849.2983353759198,1853.4318742663393,1872.604348444438,1873.1387723739776,1870.6714494346993,1872.7024564460155,1871.198655097433,1873.9783793857475,1866.3018995966067,1878.1864758667518,1869.4496247711181,1852.6026871283666,1849.757406681938,1873.831357818916
HARYANA,1873.2285330865386,1848.729989152409,1867.043224208326,1876.6231761061704,1923.0336667372192,1908.130023273473,1921.513380870514,1874.8206444360417,1853.3318319999285,1875.100196183437,1876.142119110831,1876.736810308457,1873.364695913149,1849.4839146317033,1880.0942151627132,1908.5834814812517,1912.7322257159913,1922.3223615934191,1868.3965114216421,1867.1538907576185,1875.9105702125241,1875.9920537691753,1876.9797104566003,1876.2324013769305,1849.5101915251419,1863.4927114329491,1870.4374444187713,1914.962954563924,1912.3488146639181,1925.3207411125782,1870.5344434732212,1862.731880408606,1875.3762308653795,1875.4015626428613,1877.508585398135,1874.420252920754,1848.855622719466,1867.9628463384602,1879.744821367015,1912.4268245851597,1916.45235687791,1924.5229661565186,1867.146128041041,1858.121803309449,1875.6669597471994,1877.5583131442756,1877.948826120465,1875.8888351337062,1849.2621031668314,1867.6475463060544,1874.9888964966785,1934.5483388433918,1912.5003641889525,1922.3101886764207,1869.488794659378,1875.1992636446628,1875.8474630613318,1876.2139595963554,1875.7275430694112,1874.4184235911903,1848.4832958684929,1871.5673995140494,1875.6002352165758,1910.9702253837231,1912.6420276065435,1924.4987969808353,1873.3218272959289,1855.5326442005658,1875.7225399455174,1876.1611791206624,1875.137126641968,1872.8671284957309,1849.4456741301076,1857.625673593297,1869.9605522011893,1921.367810025294,1919.7315124268941,1922.5288117018308,1871.7230400199003,1852.5858864937136,1875.892847056794,1878.5355042924032,1877.7189433602164,1873.3635914092831,1849.0474821700811,1860.0495350414415,1874.470784461624,1909.14571066613,1917.5470797526054,1926.4310637377048,1869.1426502660026,1866.4606826819434,1871.3456706051197,1877.041397769902,1878.379758542384,1872.3591663610853,1850.045704149229,1865.0981292331664,1882.8851636887068,1913.3092504388442,1911.5439197985577,1914.7593255714594,1872.2942546997401,1861.0122412333988,1873.5482914547183,1876.680443958468,1878.2292096210595,1873.7111295669579,1849.71051228979,1866.3272628738732,1876.1578650799117,1912.09887800801,1923.4534973667621,1920.0679433879604,1866.9622113884996,1857.036690539259,1875.3360209416487,1876.459421963466,1877.038422209134,1862.2604433247473
PUNJAB,1873.110951320844,1848.3623713932473,1855.074606533653,1871.8582945428543,1939.2459071682276,1909.7529107496882,1917.2064219088847,1875.0918717233303,1851.3950616416048,1874.8988330935151,1876.5224257472726,1878.1587489580465,1871.5833595738038,1851.7008781306947,1874.5161013368213,1906.8525821003939,1922.356574527979,1910.4080534670793,1871.834940169173,1862.6851120444087,1874.5129172537838,1876.1044248091325,1875.608020063796,1873.8846568039414,1850.5402243844655,1856.3832722354452,1862.650423300651,1932.1145903304352,1915.3867506281174,1914.1521428149492,1874.5225464658695,1851.819121582636,1875.615511554598,1876.5909614805632,1874.931861761839,1870.758883802611,1849.4009777656356,1855.5183621251797,1872.5360077581222,1952.7413111128385,1908.8850829309654,1920.0150287600468,1868.3646596350031,1849.8837572093996,1875.7433008812957,1876.7772476586872,1875.6918932659719,1873.1454004401023,1853.348145547816,1856.5753060057648,1873.9926145342854,1915.4244991567568,1916.9091768286153,1909.309099445508,1868.164992133682,1853.0173795354424,1875.6885708237423,1876.146753800226,1875.629626928061,1870.9896440791445,1848.3638110034851,1857.404867519075,1875.5034214121267,1921.4874698773892,1912.1102653598898,1920.8393792702307,1870.9707222853183,1854.6709093837553,1875.8562302478438,1874.4055682003884,1876.8316360648787,1872.4433227600746,1848.9766250325285,1851.895098800158,1868.2128775279955,1928.5104702688134,1904.7340583926582,1919.1180420697433,1866.7427587688442,1851.5382035623095,1875.352642008291,1874.864655291257,1876.8618827728599,1872.6359531021417,1851.6940957232757,1858.9643461725539,1865.4918643803503,1902.7109951624727,1925.8698449007338,1915.4908286289087,1866.215829342905,1860.876071228966,1870.6180721162784,1876.4258100382408,1878.3316635124945,1870.3345237940487,1848.88406192806,1853.4811469727686,1874.542104468851,1932.2926732973197,1919.4865138639784,1911.658429311686,1874.5284750509336,1857.2246096362396,1874.9085211259392,1876.2714788203941,1876.826793054096,1872.6731189471234,1849.5059626965362,1856.1846770591483,1874.4332097642668,1953.3340907839947,1929.6513807096817,1913.459913581424,1865.8709063871393,1850.2378133061227,1874.7651999155512,1877.2665852159807,1876.9839772204928,1856.0943097153422
MEGHALAYA,1876.9012844265,1851.9763257345992,1875.0415497088036,1873.8439710782536,1914.4441876605547,1920.6665246550808,1919.8104840025387,1864.3267404754372,1868.2244152590035,1869.6397362085254,1879.7919146801394,1876.3515997885029,1873.603200981113,1851.6595327011746,1870.699853065381,1915.6209213154013,1911.6850363268225,1917.843511266152,1870.5398252203474,1870.962067580901,1871.9262832007125,1879.4800042869508,1877.0108012215824,1870.2972965716565,1854.4682649766814,1872.0368206240892,1872.7386357191344,1921.4343742862477,1912.9029850739378,1907.1405528910043,1871.998659941268,1867.8736160637077,1864.5470702145876,1879.3293872257752,1878.439910780273,1876.826324071482,1851.7087559845631,1875.663766193321,1873.0729988301043,1917.9821991083509,1913.395740743,1925.2532136663597,1870.8440613810917,1870.9069094715478,1867.9458907175676,1878.8890596726205,1877.6547033667603,1873.6722057371846,1852.980112319602,1875.7675342198913,1867.6751820307852,1913.8474062876428,1914.4951347961758,1923.45573882372,1869.4167100072511,1866.1725334840282,1866.3194330002227,1878.662992094575,1876.2485220820374,1869.7674581116046,1852.165594567399,1874.2750009889837,1869.3635356094644,1907.8168015951094,1910.2977458441092,1923.3051007260187,1868.4492144763665,1864.3173947900852,1865.8825218697398,1879.2598517104614,1876.6802141540988,1868.903416272851,1851.4355703786075,1871.0105385637485,1869.525919599915,1910.1009458453211,1917.046054735085,1911.7150974807284,1888.1701354017875,1867.8905878867565,1850.3051956448755,1878.8776547800471,1877.1191355402354,1877.1127432440117,1852.8960510443349,1874.8491710811375,1875.2918499582543,1919.0541235431315,1913.7987552846373,1923.7189148930838,1871.6994984125622,1869.7675228586324,1870.6861608190159,1879.1772695660782,1876.7137833879906,1869.8127231709864,1855.1504113050544,1876.0383703567422,1873.159016328612,1918.200432858028,1914.9824712937016,1923.5092771073096,1874.0574109694426,1860.2344338943367,1855.0863816497397,1879.7363931469988,1879.090304412339,1876.860768908059,1851.5413428314182,1875.530436478863,1871.4495106467257,1914.4995736241692,1909.2791182361455,1914.5885655312688,1868.5138280265517,1873.1793130144354,1863.5903785272133,1877.8758935498515,1877.2305678973025,1868.641255951199
SIKKIM,1874.901850353605,1849.7555325911267,1869.98362466602,1861.5580862708157,1895.8835288127766,1919.71040656394,1928.3553802177748,1866.0581185527758,1876.5756840864906,1878.3923531333537,1876.3443699215136,1875.3834365022235,1873.8008997190375,1851.0492882695175,1852.0013974247056,1900.7362996888878,1920.5566223018257,1930.130043688292,1872.5771924592418,1870.052353898629,1877.171396042398,1874.7142608586785,1873.8166547110222,1873.2128908952895,1851.6625746983811,1858.8899851704969,1867.8029140931387,1908.447518420327,1924.9006256789742,1930.6591877991145,1871.9088373106322,1871.2549196639538,1875.8759918499736,1873.4367793971826,1875.6482975664567,1875.0265243631484,1851.958128401212,1861.1481410536571,1871.6836145582142,1908.7223886513996,1928.2711893505118,1928.6008754727113,1870.3040281644771,1853.8997245806563,1861.0435143990005,1873.2617504822979,1874.8647903725655,1875.0903022406922,1850.5347148291532,1867.1666746242147,1857.8670408296625,1909.9021582750197,1924.096593405719,1926.5998364402926,1867.060473932218,1872.2078206217047,1874.3792100569433,1873.999353734198,1873.3431539878054,1874.082039360007,1849.9169316528114,1849.9795374161445,1865.636109278882,1901.0882977472013,1918.1756103043672,1928.4533848289016,1866.4801232276284,1875.02670218202,1872.3554715204343,1874.5468085624148,1873.4056423914894,1872.7111046178957,1847.8042326536465,1871.6776017870418,1868.2776276310753,1918.6663836662062,1907.9351380058056,1932.1818734335004,1866.3045728705697,1866.907686444949,1876.542120013133,1874.428814730517,1874.7957033650061,1874.1005220069978,1852.759658176015,1869.2057447851703,1860.8362026300372,1906.7352299847594,1922.1298141305292,1930.9116727376188,1872.9668249122456,1862.446362000503,1873.7393466063795,1874.5994088322952,1872.8893261868652,1874.4387417243297,1851.5030296768848,1863.8064945346441,1856.0741600296165,1905.6364305692537,1921.5394964701534,1926.428176410843,1874.9467063162576,1857.2084789840867,1874.983373395648,1874.9309523527631,1875.1052556629415,1874.867357542421,1851.3519106813756,1868.3213263829093,1864.503158530422,1897.002795053509,1924.9453430756691,1923.7633518803343,1857.464327108224,1876.193565446592,1865.5369997522607,1876.6334625507286,1875.0668373159356,1874.5712531976487
MANIPUR,1876.579995824964,1854.3848945129457,1876.878824861392,1872.2712990954294,1917.9695903417726,1907.671853752478,1899.220578299781,1917.1131948592326,1875.138395777004,1877.1415757627447,1877.7219570345578,1875.257328224383,1859.2932086758608,1855.6341389198496,1857.2170813845046,1918.4589191606544,1898.6663133804832,1925.4421771228122,1868.1946553143737,1859.3258993115412,1865.0059676994924,1877.6161051065596,1875.9099695861855,1876.3797771354166,1850.0154292722382,1861.1804640295506,1857.8276968385176,1919.4695202217738,1894.109142911032,1909.4818327892988,1872.1724056398816,1874.9304320832496,1852.9629030210785,1877.6127549537555,1877.0908122548606,1877.044303781662,1852.1253576473925,1875.1152255256281,1865.7287998057018,1916.0039849231212,1891.2009398167888,1916.0690510038032,1875.9070568174097,1876.6843857178394,1854.9889153362003,1878.6976241240486,1876.4910574189234,1876.1195439509415,1852.1210408301781,1871.3726027236673,1876.5538457279729,1915.5045283167442,1907.4773158582723,1915.2833955690771,1868.7757887912562,1866.9049728591604,1858.5017060602318,1877.3665501593046,1876.3666010744062,1876.4275891150255,1853.4869356689999,1875.9566965904035,1871.1451160903484,1914.785625559226,1907.7702257061142,1924.2657823298791,1867.640699573061,1865.7873952603811,1867.704121266439,1876.5486281930232,1874.5918068112155,1870.0165003425184,1854.3973850312807,1874.0251409939292,1872.8792238216656,1918.136023306743,1894.2161856560024,1926.9984443694755,1865.2459822802796,1870.6246464129981,1879.3098280859083,1880.0118023069153,1874.1334826235075,1857.5848659681642,1855.4610325750423,1873.5777906780368,1869.5102212030747,1915.4659175883808,1904.1451982019557,1916.3526343579401,1869.1828669191136,1862.5041222137752,1851.5078849475303,1876.63654246872,1876.0151856603577,1876.4292359305832,1850.943550869288,1877.0569501551179,1873.7549717402367,1923.150788134576,1886.4540888271124,1927.6338681545153,1883.8853077316876,1874.4726526031727,1849.8612978882625,1880.05823876974,1878.1671693888404,1876.3474682224712,1851.209112004025,1870.3215087788453,1875.853441494713,1917.5099245001227,1905.3277491917281,1911.8206919843205,,1874.4857446615738,1855.9184018632986,1878.105529987351,1875.7393416557331,1874.4350183238869
NAGALAND,1875.3366472024122,1853.7083259092922,1874.920244224099,1871.8657945622451,1909.4903172863808,1916.8739979075801,1923.9510779621455,1918.4906503590412,1871.3612569182778,1875.5632023631056,1875.1013284516216,1874.4998843251296,1871.0232063957424,1853.4039752017072,1869.2031094722408,1913.139016651804,1915.7569100042356,1913.5199892690669,1873.6533576209956,1854.4391772497174,1874.2556202960172,1876.1078421353589,1873.3760584156246,1874.629014763845,1848.3658588446438,1873.8026085908778,1861.559682342683,1916.2003086632044,1919.0242159104769,1913.6535694323998,1876.4632084939367,1855.103942000572,1859.4655600657868,1876.0289912497938,1874.77741681263,1874.877771449936,1848.1114601648208,1874.3244291223166,1873.5035571312537,1920.3198138500522,1916.5422710172984,1917.968295231669,1869.939274786535,1873.490820933033,1867.488967185958,1876.5252485737226,1874.4551657761208,1874.7171794560093,1850.1886869088319,1866.432169923248,1875.2897606489794,1923.6152890490782,1911.69356506316,1928.8538933284049,1867.462077294622,1872.0741077852779,1875.6619253782,1874.907408167779,1874.876317731644,1874.881391767587,1854.4452720407469,1873.4966460216826,1868.6051455611037,1907.4975710116291,1919.8102309371616,1924.9697402102902,1866.1453860767526,1871.664142015294,1851.4694375086465,1873.4654016260486,1870.658536456197,1873.8844673426909,1852.754062984859,1868.570038035132,1862.968560752561,1911.3446614068716,1911.5978075532248,,1866.9794506456763,1866.3464096270625,1876.5906798984774,1876.948413724009,1874.123181139793,1871.2457495380913,1853.0236556456266,1870.9102976479123,1872.5450695632883,1915.7689983803068,1907.572557090594,1911.0948951099174,1874.1613593806337,1857.312543579872,1878.5780704572273,1876.1603063065452,1875.302375703554,1874.1281236043492,1849.0984002750074,1875.3758414585218,1863.8978986374882,1916.0249166035692,,1915.269647920061,1876.5601251484497,1855.4924585060355,1860.6230113069303,1877.3530671116823,1875.6173987577095,1874.0506255808652,1849.141477807815,1875.3163581475399,1874.863777773296,1919.5490086399097,1908.0758744052264,1927.3363775787375,,1874.427222427992,1869.2521933261871,1876.1095148029983,1874.223168794679,1869.3688473580644
TRIPURA,1881.8758950343858,1854.5518265852666,1877.526652507761,1876.3153420858143,1924.3144361416055,1894.843480280501,1898.3723254235847,1899.410133020454,1870.519492201372,1859.5221233771813,1878.3969116294497,1882.3815176978146,1879.4668801269618,1856.5629708968347,1867.0726708928469,1915.7647816403883,1894.6759620800854,1909.4192537276244,1916.0646546552873,1876.0357287489269,1859.5342206472565,1876.6951493100366,1878.8174567241017,1868.7946655664175,1855.6261723728794,1868.1381954939848,1875.2588524592634,1920.7896483058812,1891.5959603884908,1889.5812266396872,1868.498408163155,1868.5679751437715,1852.496944401491,1882.5540530411222,1881.9129973449117,1866.2245571837148,1858.6374262347958,1876.71570703491,1869.2874219770438,1912.635710092635,1891.1298112252177,1912.929086502661,1867.2718616804987,1865.6465156881186,1861.082070640845,1876.482367353473,1882.1843016084822,1858.024365782118,1859.56169780276,1877.649146329777,1875.2457288634323,1930.3440456549204,1891.2462827082923,1903.6993556813723,1869.2742809421027,1874.2345829483493,1847.4101341103676,1882.2558923318363,1874.9980254584766,1860.09206841056,1856.6087085324646,1870.392262978657,1861.5732216312858,1923.7045715780512,1892.2973449996475,1903.7194677551772,1873.701286098202,1867.4306913810844,1859.459604746486,1876.972659693869,1880.2128011257541,1870.8028075437137,1857.4714376712882,1868.4842999542093,1870.6134426732383,1923.8924769191922,1887.7735579092514,1892.4234507480883,1876.5581707124215,1876.5693158088784,1851.8885822164336,1881.6278908857528,1880.1579367644904,1882.160577563036,1854.6205553968734,1872.9147149629616,1876.694989827584,1917.4637556017215,1893.2364856306622,1910.1559835532637,1872.5177832094778,1870.5101815805074,1859.7141721136527,1876.2379096457414,1879.1578149416507,1867.193680522308,1855.702325689851,1875.5843968294346,1873.943521681392,1923.2182156204049,1900.3634835564096,1905.0596163248188,1868.6918156827296,1869.1006428209666,1854.5131558432354,1877.3151709054746,1883.2900730761264,1864.633293676773,1857.5438492788521,1875.5960029397272,1861.1799881566926,1921.1431119823142,1892.6656040967705,1910.8228313127042,,1876.4262602938875,1863.6072083946005,1877.6894713825754,1878.3208881584492,1877.1205909299943
GOA,1851.5439983016436,1873.940902781592,1873.8853437892599,1861.0459160799292,1885.800890455938,1871.488382319435,1867.0010495302645,1867.883201241041,1872.4740327053587,1870.446335775995,1850.4669307828274,1861.2810176392952,1848.8418241032832,1873.3074897396345,1872.748846913679,1885.3721377063255,1866.8542097465634,1867.9051374717028,1868.5462658732,1874.4343882356416,1852.3037011006297,1850.6935981190413,1859.8330987994127,1852.6358470083005,1874.6311721613329,1875.984155425595,1874.0327044642595,1887.0505923149258,1867.1009464857686,1870.3536965023081,1866.9516381184828,1870.5585980244405,1850.7801284155726,1854.673793427271,1859.4638308795952,1852.7503823289792,1876.941596521111,1873.4527512425348,1876.2234558384291,1880.4689938769816,1863.3888795205617,1868.485388114866,1873.1014684085721,1869.7172041102258,1858.7221608235436,1858.682953065717,1858.7625063448277,1852.494371429573,1875.5375198736242,1873.5516703537592,1865.9983929922619,1878.9857136487062,1878.2658013211249,,1925.444868684498,1874.9250853758472,1868.7938232352258,1859.1011361646424,1856.6124801307105,1852.3079458948182,1873.8349226383075,1872.9422231484823,1864.6857031758082,1886.6597290494424,1880.342736002482,1866.5996818095891,1925.9274031201785,,1861.9398241787162,1850.6045768637841,1854.0485033617022,1852.8086075133192,1872.9515034166088,1873.8312929805466,1862.3718240425674,1872.2185420617334,1871.696582085891,,1918.0813257903842,1867.8874262297766,1858.3611930057787,1851.3284194238813,1860.2861312638947,1852.6940027371486,1876.1145224238371,1873.9560337468233,1872.5745575073643,1880.8006180350042,1867.5890056904348,1865.5627327178786,1864.894595743016,1872.1835807906405,1852.9603002714646,1849.1106240239678,1859.976196682694,1851.97187420691,1874.8179515082797,1871.7560035294434,1878.633561836408,1882.8479278728619,1877.8577931723703,,1865.1567708738532,1872.2561942348357,1859.8743955029104,1857.0981087843486,1858.7194040674344,1850.8684390651892,1878.907501535676,1875.7117392189962,1876.1028218060464,1881.364633529312,1864.8449892433111,1865.2894985124058,1871.24378804043,1866.5999591112745,1873.7704905860487,1860.304578606273,1859.9497301274546,1872.7303632904423
DELHI,1871.8892043413728,1854.6123030429446,1879.2972055109303,1875.1249873979227,1918.5225945784484,1915.2851201664184,1922.2068625234742,1875.1965910227177,1859.8163096904836,1879.005264405823,1878.95051925986,1877.7525048067416,1873.3847540893885,1856.3358042986015,1875.1073232414049,1906.978778214518,1917.2112849323996,1923.0854890877818,1871.8806594999517,1857.1853698449036,1879.9993838519188,1877.737797082801,1876.8756352620244,1874.1736277319762,1853.3189667792287,1859.738825828982,1876.4558120556546,1909.9646321754187,1919.5801475093735,1923.2142979326834,1873.2884460023918,1856.2145850316153,1878.6542154740653,1879.8419096693483,1875.8016736317122,1874.402472547551,1852.2640423782127,1873.5426713249042,1876.7434644362359,1916.424933749764,1925.0177744513278,1923.2047046340508,1870.929455247869,1855.9526735800232,1877.472181535211,1876.6828731785029,1875.2569701437244,1874.3702199835345,1855.797619881681,1871.8044297618246,1874.9045843407957,1899.789119022074,1924.2048091692718,1920.0345081840562,1875.8362177292884,1879.0342005309656,1878.5022609609493,1879.6995160226622,1874.821282991567,1873.9486252672853,1854.3535322124835,1879.0345839369024,1880.331115041442,1910.0037914634086,1905.3276934448224,1922.2077923721297,1881.563535562305,1861.521290124811,1878.297543393184,1879.5969564976983,1875.3004327531564,1875.754052442844,1856.017673073479,1858.6431154246902,1873.3446199969678,1922.4829177520287,1915.1780860924314,1923.7885723865004,1873.7039239438775,1858.794815106995,1880.1129806608938,1874.9802032705898,1875.886231404712,1874.3404186334367,1856.2241204582301,1856.4012784251013,1874.0621383125172,1912.4041906683676,1904.3965246789003,1925.4018397929688,1876.5190753147415,1855.8085549174875,1876.9931629725768,1879.2135809823872,1874.9856262071357,1874.9078545699367,1857.8657531615486,1864.2457663649473,1876.9021906067749,1909.6642982784506,1913.1989878619563,1923.4109664018995,1875.1040726660708,1858.3230796736984,1875.9691680534454,1880.8806125928966,1874.9108176361585,1873.8181390531497,1856.9012427322727,1871.07454462448,1875.1273911161072,1912.9397802229503,1928.4717502482172,1920.3427148187957,1868.46471400465,1857.3173378474983,1873.9795955924676,1878.2888655425102,1874.6486564562822,1860.2382918758244
DADRA NAGAR HAVELI DAMAN DIU,1850.6164825454096,1862.048054066,1875.6744866000117,1865.4609614812605,1896.6179612022413,1891.0628680221098,1891.4188430200545,1916.453855128689,1876.6438299308093,1852.1548037492123,1876.4083161889148,1877.7761811551518,1850.2474351219928,1872.7451934755527,1866.9506017605017,1907.5483331430476,1890.725219832999,1881.2255422361493,1882.2703530415413,1876.53260619694,1851.5005884398167,1881.3122584359544,1876.3724515166632,1850.0793401542621,1870.1864087162912,1876.2751425401402,1874.6662920277438,1913.502077720507,1886.0590264297264,1897.1754881743122,,1875.0436750404099,1851.0221936872747,1876.362986453,1876.305972679804,1849.7967589316213,1870.255935570677,1875.9922828670763,1872.3118691542406,1910.8466472185112,1886.7881515600773,1884.2367449322087,1904.7935830463528,1873.3393814214376,1854.7537438420911,1877.2140207006887,1877.6321464998557,1855.0368233852478,1862.8882777612441,1876.1388418042316,1867.8464783172165,1905.4763333971096,1885.5082833937647,,1866.2849226054082,1877.0492173888003,1849.9152442235038,1876.5105142908058,1874.8416537608534,1850.1073435264698,1863.1110890814182,1876.282728830268,1874.9644977234536,1906.1880349288833,1893.9936141315673,1884.8006735973158,1861.9574355125467,1876.321904683133,1852.5206081924232,1879.6273993430348,1879.1356533890455,1850.1014684495042,1864.8005105637778,1876.70404368519,1871.6852719846047,1899.9216754931267,1891.2366240898025,1882.7164750591735,1892.121069318738,1864.3101543459306,1850.4133711891816,1878.551442738841,1877.2611571975,1850.1079288767548,1867.7495857267968,1876.4216516383378,1872.6787802645586,1925.5048667460132,1889.5587717011892,1894.142854810226,1866.2299863171236,1864.4302192743967,1850.880033941622,1876.4981386149439,1879.0500817387901,1850.1354138005452,1869.798334764302,1876.808384724646,1876.2740067863772,1911.934438768251,1883.7214872004272,1895.185408482009,1894.7731445725533,1871.019717150659,1850.6880918241704,1876.4470557408629,1876.9436521705627,1850.4910377369445,1870.7715359277217,1871.1346841665018,1872.013905113504,1907.7608976536649,1887.859684712708,,1873.1736370691983,1877.021195773483,1852.76601488941,1876.312031904835,1877.2614998703204,1876.859128787045
PUDUCHERRY,1857.7228922333295,1876.626166856463,1876.3082594025266,1867.6295637247936,1879.489056870895,1866.2617897492446,1857.8284942244668,1864.5621863207864,1867.900773504825,1856.94642195797,1852.3882788166652,1851.2777443643752,1866.4889157412724,1875.559755992631,1866.7288440743037,1867.626383542929,1877.4758880255915,1858.4527358910352,1867.3081579079756,1872.6427886980982,1851.6073640189975,1848.4023125824954,1849.7179291673378,1855.1170590306363,1876.9096295563324,1874.9917598916165,1864.4033909475274,1876.0381351771443,1858.9805400464393,1871.7778274586494,1864.6516647549017,1874.2358470598851,1871.2741010159111,1851.647574886391,1849.2335341232483,1856.8707018879684,1868.7044267917004,1875.3646847320388,1873.0204418848255,1877.5675393038562,1873.6349894125592,1862.2842174467883,1867.3887168816245,1866.8702750460898,1872.850740333671,1850.8545140791289,1848.4902915790226,1856.8156735933994,1875.5771760395005,1876.1711520401036,1869.023050338239,1884.356376178408,1880.577104645746,1873.5294420165872,1872.5467777676033,1864.2586248978864,1866.4086144748194,1851.9328039899995,1848.3306882257953,1860.0570887601066,1870.3443558461029,1876.3282437552123,1862.3640393126077,1886.5843757488183,1872.682708447654,1858.7190447320265,1867.8833694905434,1866.6700534482472,1873.2096652716318,1849.2686905869464,1851.0413223351966,1860.6373987049183,1877.4076885711784,1875.869228465248,1867.4939692391663,1872.597204909373,1864.7859946918386,1849.9533056448736,1864.2662146081777,1870.389191529861,1861.2600336090088,1848.6745636951764,1849.4080601875417,1853.502807951,1866.3659363334923,1864.8774975184951,1865.227049146989,1873.1313870955769,1867.156477380675,1860.0705072937692,1868.3363167278224,1871.2383512833237,1862.4307538412986,1854.3638108717703,1849.5927877452627,1855.458406812316,1864.4846418480272,1876.6300182532113,1873.3625948499325,1873.2795246593535,1860.780097312877,1863.377899349366,1867.3648006491342,1869.142062186454,1861.3241998063227,1854.1584048362474,1850.039400558868,,,,,,,,,,,,,1875.8054224236707
CHANDIGARH,1875.0142596394883,1850.1734727541816,1855.7111010746826,1878.1909996032718,1978.3557430170504,1904.5976502241228,1915.975981319772,1880.3433033694037,1850.1665035247365,1874.7353624523603,1878.770626517244,1879.7197186129315,1874.1460311600465,1850.865670933044,1877.407683385464,1951.3278110976546,1901.7891797853085,1906.9959667299424,1879.2300002478319,1880.019729039425,1876.6608464453352,1881.3525836989422,1879.8755113928262,1879.7714615590007,1849.7403714856139,1856.913127419494,1876.7474225135363,1937.45478099848,1921.6794109604357,1915.1757598534118,1879.8256046582742,1857.3981921320865,1876.6695758189962,1875.9364197965779,1879.7347792966154,1875.7225952740473,1850.3989934204385,1858.6072609842042,1877.2082898030224,1928.90109017235,1905.3147215278952,1917.940546764577,1839.663995360619,1856.2066759636455,1876.7070020621572,1882.7225351099737,1879.3620739964613,1877.5235214110508,1852.3287960414357,1871.502099704636,1879.77647009814,1874.568877409651,1902.4580002463522,1917.6716053870075,1833.0511019774308,1879.9679350405272,1876.028589513577,1881.520226071636,1875.9653576680944,1876.9383930368863,,1879.7475227578655,1877.8937276924637,1946.5921888339938,1931.9691548438007,1930.614629078065,1833.8940921785745,1846.1799007941866,1876.2026379844183,1873.688705925726,1875.6997545598763,1873.3171928845618,1849.6747249013556,1857.0227193736207,1845.9207819371368,1976.450314369334,1933.4886911862025,1920.4779349699234,1881.0631154359064,1849.8973471889392,1876.2788628422434,1872.6160911198451,1879.743467260449,1877.3569149148555,1849.6939510333834,1856.7715097380121,1877.405644027093,1909.8902562231647,1915.5468869586934,1914.81192725642,1880.077632832347,1871.5450462131334,1849.8683697424701,1882.2488698184109,1879.7345228585427,1875.6356770164793,1849.9792757955884,1856.4778911996743,1877.192730281548,1939.3740028602926,,1883.560740667538,1879.7748632935966,1857.4282430926362,1876.0059242188847,1881.9927068796562,1878.9575960790721,,,,,,,,,,,,,1856.6233402347873
